events[0][1][0][4]: 358572348294868
events[0][1][0][8][0][4]: 593242181083741
events[0][1][0][8][0][6][0][7]: 876331500105820
events[0][1][0][8][0][7][0][3]: 409178209044823
events[0][1][0][8][0][7][1][3]: 198612293472283
events[0][1][0][8][0][8][0][4]: 934715757434220
events[0][1][0][8][0][8][0][6][0][7]: 568852100026373
events[0][1][0][8][0][8][0][7][0][3]: 674756769711161
events[0][1][0][8][0][8][1][4]: 413422421011319
events[0][1][0][8][0][8][1][6][0][7]: 715155388126363
events[0][1][0][8][0][8][1][7][0][3]: 458879077254011
events[0][1][0][8][1][4]: 310986542063623
events[0][1][0][8][1][6][0][7]: 535869808332924
events[0][1][0][8][1][8][0][4]: 942268121220674
events[0][1][0][8][1][8][0][6][0][7]: 359129687405720
events[0][1][0][8][1][8][0][8][0][4]: 305147711732010
events[0][1][0][8][1][8][0][8][0][6][0][7]: 586190033743681
events[0][1][0][8][1][8][0][8][0][8][0][4]: 206375801539629
events[0][1][0][8][1][8][0][8][0][8][0][6][0][7]: 166025710802051
events[0][1][0][8][1][8][0][8][0][8][0][7][0][3]: 441575487316895
events[0][1][0][8][1][8][0][8][0][8][1][4]: 151171419681710
events[0][1][0][8][1][8][0][8][0][8][1][6][0][7]: 450700339422295
events[0][1][0][8][1][8][0][8][0][8][1][7][0][3]: 223432172925536
events[0][1][0][8][1][8][0][8][0][8][2][4]: 178109828076252
events[0][1][0][8][1][8][0][8][0][8][2][6][0][7]: 103331473935911
events[0][1][0][8][1][8][0][8][0][8][2][7][0][3]: 758239535707998
events[0][1][0][8][1][8][0][8][1][4]: 165254138397271
events[0][1][0][8][1][8][0][8][1][6][0][7]: 649011108133010
events[0][1][0][8][1][8][0][8][1][7][0][3]: 254087149024058
events[0][1][0][8][1][8][0][8][1][7][1][3]: 158780388755314
events[0][1][0][8][1][8][0][8][2][4]: 590053134686673
events[0][1][0][8][1][8][0][8][2][6][0][7]: 792593073511633
events[0][1][0][8][1][8][0][8][2][8][0][4]: 188956435583799
events[0][1][0][8][1][8][0][8][2][8][0][6][0][7]: 849793453035647
events[0][1][0][8][1][8][0][8][2][8][0][7][0][3]: 924795088830873
events[0][1][0][8][1][8][0][8][2][8][1][4]: 911891623733351
events[0][1][0][8][1][8][0][8][2][8][1][6][0][7]: 883364628927467
events[0][1][0][8][1][8][0][8][2][8][1][7][0][3]: 231415435354566
events[0][1][0][8][1][8][0][8][3][4]: 923406388592222
events[0][1][0][8][1][8][0][8][3][7][0][3]: 284537715889920
events[0][1][0][8][1][8][0][8][3][7][1][3]: 187902777293220
events[0][1][0][8][1][8][0][8][4][4]: 785167247567145
events[0][1][0][8][1][8][0][8][4][6][0][7]: 671774110301813
events[0][1][0][8][1][8][0][8][4][7][0][3]: 776200154825816
events[0][1][0][8][1][8][0][8][5][4]: 211203400027743
events[0][1][0][8][1][8][0][8][5][6][0][7]: 978191480065098
events[0][1][0][8][1][8][0][8][5][8][0][4]: 992431531742961
events[0][1][0][8][1][8][0][8][5][8][0][6][0][7]: 382560494008840
events[0][1][0][8][1][8][0][8][5][8][0][7][0][3]: 579299796188734
events[0][1][0][8][1][8][0][8][5][8][1][4]: 184912169702021
events[0][1][0][8][1][8][0][8][5][8][1][6][0][7]: 376803049627626
events[0][1][0][8][1][8][0][8][5][8][1][7][0][3]: 213355593192181
events[0][1][1][4]: 773979917705646
events[0][1][1][8][0][6]: 711563083397915
events[0][1][1][8][0][8]: 134
events[0][1][1][8][1][6]: 257659733919073
events[0][1][1][8][1][8]: 135
events[0][1][1][8][2][4]: 552828642316883
events[0][1][1][8][2][6][0][7]: 625222148475293
events[0][1][1][8][2][6][1][7]: 993112425181474
events[0][1][1][8][2][6][2][7]: 588005299947371
events[0][1][1][8][2][8][0][4]: 416910238897218
events[0][1][1][8][2][8][0][6][0][0]: 70
events[0][1][1][8][2][8][0][6][0][7]: 938623608840545
events[0][1][1][8][2][8][0][6][1][0]: 70
events[0][1][1][8][2][8][0][6][1][7]: 456398126002521
events[0][1][1][8][2][8][0][7][0][0]: 70
events[0][1][1][8][2][8][0][7][0][3]: 343986069156247
events[0][1][1][8][3][4]: 725864200615173
events[0][1][1][8][3][6][0][7]: 566727334670668
events[0][1][1][8][3][8][0][4]: 946030165402141
events[0][1][1][8][3][8][0][6][0][7]: 820066421753963
events[0][1][1][8][3][8][0][8][0][4]: 899981654250281
events[0][1][1][8][3][8][0][8][0][6][0][0]: 104
events[0][1][1][8][3][8][0][8][0][6][0][7]: 497326274285660
events[0][1][1][8][3][8][0][8][0][8][0][4]: 699546004154399
events[0][1][1][8][3][8][0][8][0][8][0][6][0][7]: 964421288177689
events[0][1][1][8][3][8][0][8][0][8][0][7][0][3]: 803390203493892
events[0][1][1][8][3][8][0][8][0][8][0][7][1][3]: 847499969105707
events[0][1][1][8][3][8][0][8][0][8][1][4]: 476016184282325
events[0][1][1][8][3][8][0][8][0][8][1][6][0][7]: 801612159035751
events[0][1][1][8][3][8][0][8][0][8][1][6][0][9][0][1][1][1]: 70
events[0][1][1][8][3][8][0][8][0][8][1][7][0][0]: 70
events[0][1][1][8][3][8][0][8][0][8][1][7][0][3]: 364160292840915
events[0][1][1][8][3][8][0][8][0][8][1][7][0][6][0][1][1][1]: 70
events[0][1][1][8][3][8][0][8][0][8][2][4]: 366724600043126
events[0][1][1][8][3][8][0][8][0][8][2][6][0][7]: 434132272047745
events[0][1][1][8][3][8][0][8][0][8][2][7][0][0]: 70
events[0][1][1][8][3][8][0][8][0][8][2][7][0][3]: 718902415243162
events[0][1][1][8][3][8][1][4]: 244741237681839
events[0][1][1][8][3][8][1][6][0][7]: 110959927832715
events[0][1][1][8][3][8][1][7][0][3]: 358265183925160
events[0][1][1][8][3][8][1][8][0][4]: 222212373381606
events[0][1][1][8][3][8][1][8][0][6][0][7]: 186819858179724
events[0][1][1][8][3][8][1][8][0][6][0][9][0][1][1][1]: 70
events[0][1][1][8][3][8][1][8][0][7][0][0]: 70
events[0][1][1][8][3][8][1][8][0][7][0][3]: 424118570161266
events[0][1][1][8][3][8][1][8][0][7][0][6][0][1][1][1]: 70
events[0][1][1][8][3][8][1][8][1][4]: 637981023839651
events[0][1][1][8][3][8][1][8][1][6][0][7]: 259449078817219
events[0][1][1][8][3][8][1][8][1][7][0][0]: 70
events[0][1][1][8][3][8][1][8][1][7][0][3]: 733015764552323
events[0][1][1][8][3][8][1][8][2][4]: 698375956293112
events[0][1][1][8][3][8][1][8][2][6][0][7]: 790461122024784
events[0][1][1][8][3][8][1][8][2][8][0][4]: 126757185240966
events[0][1][1][8][3][8][1][8][2][8][0][6][0][0]: 70
events[0][1][1][8][3][8][1][8][2][8][0][6][0][7]: 988026308086131
events[0][1][1][8][3][8][1][8][2][8][0][8][0][4]: 540052809311281
events[0][1][1][8][3][8][1][8][2][8][0][8][0][6][0][0]: 104
events[0][1][1][8][3][8][1][8][2][8][0][8][0][6][0][7]: 350783469060061
events[0][1][1][8][3][8][1][8][2][8][0][8][0][6][1][0]: 104
events[0][1][1][8][3][8][1][8][2][8][0][8][0][6][1][7]: 770129760769719
events[0][1][1][8][3][8][1][8][2][8][0][8][0][7][0][0]: 104
events[0][1][1][8][3][8][1][8][2][8][0][8][0][7][0][3]: 424474178445018
events[0][1][1][8][3][8][1][8][2][8][0][8][0][7][1][0]: 104
events[0][1][1][8][3][8][1][8][2][8][0][8][0][7][1][3]: 579320114076581
events[0][1][1][8][3][8][1][8][2][8][0][8][0][7][2][0]: 104
events[0][1][1][8][3][8][1][8][2][8][0][8][0][7][2][3]: 268370789274682
events[0][1][1][8][3][8][1][8][2][8][0][8][0][7][3][0]: 70
events[0][1][1][8][3][8][1][8][2][8][0][8][0][7][3][3]: 304840646695695
events[0][1][1][8][3][8][1][8][2][8][0][8][0][7][4][0]: 70
events[0][1][1][8][3][8][1][8][2][8][0][8][0][7][4][3]: 737954840892961
events[0][1][1][8][3][8][1][8][2][8][0][8][0][7][5][0]: 104
events[0][1][1][8][3][8][1][8][2][8][0][8][0][7][5][3]: 860647131988832
events[0][1][1][8][3][8][1][8][2][8][0][8][0][7][6][0]: 104
events[0][1][1][8][3][8][1][8][2][8][0][8][0][7][6][3]: 748969112445451
events[0][1][1][8][3][8][1][8][2][8][0][8][0][7][7][0]: 73
events[0][1][1][8][3][8][1][8][2][8][0][8][0][7][7][1]: 50
events[0][1][1][8][3][8][1][8][2][8][0][8][0][7][7][3]: 162684030326862
events[0][1][1][8][3][8][1][8][2][8][0][8][0][7][7][6][0][1]: 104
events[0][1][1][8][3][8][1][8][2][8][0][8][0][7][8][0]: 104
events[0][1][1][8][3][8][1][8][2][8][0][8][0][7][8][1]: 51
events[0][1][1][8][3][8][1][8][2][8][0][8][0][7][8][3]: 455545033234776
events[0][1][1][8][3][8][1][8][2][8][0][8][0][7][9][0]: 104
events[0][1][1][8][3][8][1][8][2][8][0][8][0][7][9][1]: 52
events[0][1][1][8][3][8][1][8][2][8][0][8][0][7][9][3]: 189578024262261
events[0][1][1][8][3][8][1][8][2][8][0][8][0][7][9][6][0][1][1][1]: 104
events[0][1][1][8][3][8][1][8][2][8][0][8][0][7][9][6][0][1][1][2]: 53
events[0][1][1][8][3][8][1][8][2][8][0][8][0][7][9][6][0][1][2][1]: 70
events[0][1][1][8][3][8][1][8][2][8][0][8][0][7][9][6][1][1][1][1]: 104
events[0][1][1][8][3][8][1][8][2][8][0][8][0][7][9][6][1][1][1][2]: 54
events[0][1][1][8][3][8][1][8][2][8][0][8][0][7][9][6][1][1][2][1]: 70
events[0][1][1][8][3][8][2][4]: 702678280556386
events[0][1][1][8][3][8][2][6][0][7]: 687349995019924
events[0][1][1][8][3][8][2][6][1][7]: 173279213606157
events[0][1][1][8][3][8][2][6][2][1]: 55
events[0][1][1][8][3][8][2][6][2][7]: 781695763663376
events[0][1][1][8][3][8][2][6][3][7]: 342407757546356
events[0][1][1][8][3][8][2][6][4][0]: 104
events[0][1][1][8][3][8][2][6][4][7]: 153392122801074
events[0][1][1][8][3][8][2][7][0][3]: 818248304575681
events[0][1][1][8][3][8][2][8][0][4]: 959178106646176
events[0][1][1][8][3][8][2][8][0][6][0][7]: 564470550971583
events[0][1][1][8][3][8][2][8][0][7][0][3]: 271900900734864
events[0][1][1][8][3][8][2][8][0][7][1][3]: 649749676458283
events[0][1][1][8][3][8][2][8][0][7][2][1]: 51
events[0][1][1][8][3][8][2][8][0][7][2][3]: 225983661996222
events[0][1][1][8][3][8][2][8][0][8][0][4]: 157299684838858
events[0][1][1][8][3][8][2][8][0][8][0][6][0][7]: 345424722146389
events[0][1][1][8][3][8][2][8][0][8][0][7][0][3]: 655330686867590
events[0][1][1][8][3][8][2][8][0][8][0][7][1][1]: 52
events[0][1][1][8][3][8][2][8][0][8][0][7][1][3]: 310998775689231
events[0][1][1][8][3][8][2][8][0][8][0][7][2][3]: 387692832752883
events[0][1][1][8][3][8][2][8][0][8][1][4]: 181977044853871
events[0][1][1][8][3][8][2][8][0][8][1][6][0][7]: 103803022414921
events[0][1][1][8][3][8][2][8][0][8][1][7][0][3]: 108129704733831
events[0][1][1][8][3][8][2][8][0][8][1][7][0][6][1][1][1][2]: 53
events[0][1][1][8][3][8][2][8][0][8][2][4]: 849925058426814
events[0][1][1][8][3][8][2][8][0][8][2][6][0][7]: 726362170667594
events[0][1][1][8][3][8][2][8][0][8][2][7][0][3]: 256485207683431
events[0][1][1][8][3][8][2][8][0][8][2][7][0][6][1][1][1][2]: 53
events[0][1][2][4]: 151747921381704
events[0][1][2][8][0][4]: 127523010153940
events[0][1][2][8][0][6][0][7]: 667353918404782
events[0][1][2][8][0][8][0][4]: 771370272525417
events[0][1][2][8][0][8][0][6][0][7]: 362793171225709
events[0][1][2][8][0][8][0][7][0][3]: 310106108068067
events[0][1][2][8][0][8][1][4]: 157410180999361
events[0][1][2][8][0][8][1][6][0][7]: 569695464761998
events[0][1][2][8][0][8][1][7][0][3]: 631853399834632
events[0][1][2][8][0][8][2][4]: 449022685470371
events[0][1][2][8][0][8][2][6][0][7]: 253848280777568
events[0][1][2][8][0][8][2][7][0][3]: 603104718238034
events[0][1][2][8][0][8][3][4]: 314429908935790
events[0][1][2][8][0][8][3][6][0][7]: 492487144313120
events[0][1][2][8][0][8][3][7][0][3]: 687142109383193
events[0][1][2][8][1][4]: 827856178654243
events[0][1][2][8][1][6][0][7]: 767973367645181
events[0][1][2][8][1][7][0][1]: 56
events[0][1][2][8][1][7][0][3]: 818111186263286
events[0][1][2][8][1][7][1][1]: 57
events[0][1][2][8][1][7][1][3]: 139248267781031
events[0][1][2][8][1][7][1][6][0][1][1][1]: 58
events[0][1][2][8][1][7][1][6][0][1][2][1]: 59
events[0][1][2][8][1][7][1][6][0][1][3][2]: 54
events[0][1][2][8][1][7][1][6][0][1][4][2]: 54
events[0][1][3][4]: 331386137542249
events[0][1][3][8][0][4]: 244364735059107
events[0][1][3][8][0][7][0][0]: 70
events[0][1][3][8][0][7][0][1]: 60
events[0][1][3][8][0][7][0][3]: 859827393848003
events[0][1][3][8][1][4]: 824947074579142
events[0][1][3][8][1][7][0][0]: 72
events[0][1][3][8][1][7][0][1]: 60
events[0][1][3][8][1][7][0][3]: 979014102818189
events[0][1][3][8][1][7][0][6][0][1][1][1]: 70
events[0][1][3][8][1][7][0][6][1][1][1][1]: 70
events[0][1][3][8][2][4]: 566945510704311
events[0][1][3][8][2][5]: 50
events[0][1][3][8][2][6][0][7]: 216936724142084
events[0][1][3][8][2][8][0][4]: 608609434004608
events[0][1][3][8][2][8][0][5]: 51
events[0][1][3][8][2][8][0][6][0][0]: 104
events[0][1][3][8][2][8][0][6][0][1]: 61
events[0][1][3][8][2][8][0][6][0][7]: 445444768562506
events[0][1][3][8][2][8][0][6][0][9][0][1]: 72
events[0][1][3][8][2][8][0][6][1][0]: 104
events[0][1][3][8][2][8][0][6][1][7]: 558487793936839
events[0][1][3][8][2][8][0][6][2][0]: 104
events[0][1][3][8][2][8][0][6][2][7]: 383299320133560
events[0][1][3][8][2][8][0][7][0][1]: 62
events[0][1][3][8][2][8][0][7][0][3]: 824871863120842
events[0][1][3][8][2][8][0][7][0][6][1][1]: 70
events[0][1][3][8][2][8][0][7][1][0]: 104
events[0][1][3][8][2][8][0][7][1][3]: 506458898654824
events[0][1][3][8][2][8][0][7][2][0]: 104
events[0][1][3][8][2][8][0][7][2][3]: 718870571754616
events[0][1][3][8][2][8][0][7][3][0]: 104
events[0][1][3][8][2][8][0][7][3][3]: 669807522279261
events[0][1][3][8][2][8][1][4]: 885981560619190
events[0][1][3][8][2][8][1][5]: 52
events[0][1][3][8][2][8][1][6][0][0]: 104
events[0][1][3][8][2][8][1][6][0][7]: 694392440941609
events[0][1][3][8][2][8][1][6][1][0]: 104
events[0][1][3][8][2][8][1][6][1][7]: 591152669184461
events[0][1][3][8][2][8][1][6][2][0]: 104
events[0][1][3][8][2][8][1][6][2][7]: 528000253512320
events[0][1][3][8][2][8][1][7][0][0]: 104
events[0][1][3][8][2][8][1][7][0][1]: 60
events[0][1][3][8][2][8][1][7][0][3]: 419027740670923
events[0][1][3][8][2][8][1][7][0][6][0][1][1][1]: 104
events[0][1][3][8][2][8][1][7][0][6][0][1][1][2]: 53
events[0][1][3][8][2][8][1][7][0][6][0][1][2][1]: 70
events[0][1][3][8][2][8][1][7][0][6][1][1][1][1]: 104
events[0][1][3][8][2][8][1][7][0][6][1][1][1][2]: 54
events[0][1][3][8][2][8][1][7][0][6][1][1][2][1]: 70
events[0][1][3][8][2][8][2][4]: 606516460338740
events[0][1][3][8][2][8][2][5]: 53
events[0][1][3][8][2][8][2][6][0][0]: 104
events[0][1][3][8][2][8][2][6][0][7]: 640301020375675
events[0][1][3][8][2][8][2][6][1][0]: 104
events[0][1][3][8][2][8][2][6][1][7]: 614188342817215
events[0][1][3][8][2][8][2][7][0][0]: 104
events[0][1][3][8][2][8][2][7][0][1]: 60
events[0][1][3][8][2][8][2][7][0][3]: 299151434114822
events[0][1][3][8][2][8][2][7][0][6][0][1][1][1]: 70
events[0][1][3][8][2][8][2][7][0][6][1][1][1][1]: 70
events[0][1][3][8][2][8][2][7][1][1]: 60
events[0][1][3][8][2][8][2][7][1][3]: 288647770106390
events[0][1][3][8][2][8][2][7][1][6][0][1][1][1]: 70
events[0][1][3][8][2][8][2][7][1][6][1][1][1][1]: 70
events[0][1][3][8][2][8][3][4]: 527325493904652
events[0][1][3][8][2][8][3][5]: 54
events[0][1][3][8][2][8][3][6][0][0]: 70
events[0][1][3][8][2][8][3][6][0][1]: 61
events[0][1][3][8][2][8][3][6][0][7]: 338945328294829
events[0][1][3][8][2][8][3][6][0][9][0][1]: 104
events[0][1][3][8][2][8][3][6][1][0]: 104
events[0][1][3][8][2][8][3][6][1][7]: 636998986120047
events[0][1][3][8][2][8][3][7][0][3]: 996395151710084
events[0][1][3][8][2][8][3][7][1][0]: 104
events[0][1][3][8][2][8][3][7][1][3]: 808024084369922
events[0][1][3][8][2][8][3][7][2][0]: 104
events[0][1][3][8][2][8][3][7][2][3]: 136090403883421
events[0][1][3][8][2][8][3][7][3][1]: 62
events[0][1][3][8][2][8][3][7][3][3]: 756101454638470
events[0][1][3][8][2][8][3][7][3][6][1][1]: 70
events[0][1][3][8][2][8][3][7][4][0]: 104
events[0][1][3][8][2][8][3][7][4][3]: 216582909048591
events[0][1][3][8][2][8][3][7][5][0]: 70
events[0][1][3][8][2][8][3][7][5][3]: 856285406077911
events[1][1][0][4]: 896634254671890
events[1][1][0][8][0][4]: 512811263754309
events[1][1][0][8][0][6][0][7]: 411972389090384
events[1][1][0][8][0][7][0][3]: 357766487986785
events[1][1][0][8][0][7][1][3]: 319792672615968
events[1][1][0][8][0][8][0][4]: 239200076620084
events[1][1][0][8][0][8][0][6][0][7]: 877339222966090
events[1][1][0][8][0][8][0][7][0][3]: 400101417523117
events[1][1][0][8][0][8][1][4]: 537953268985936
events[1][1][0][8][0][8][1][6][0][7]: 590821952865849
events[1][1][0][8][0][8][1][7][0][3]: 681424255194672
events[1][1][0][8][1][4]: 238783277314030
events[1][1][0][8][1][6][0][7]: 544855072116241
events[1][1][0][8][1][8][0][4]: 534354160535886
events[1][1][0][8][1][8][0][6][0][7]: 311518982445855
events[1][1][0][8][1][8][0][8][0][4]: 342994014825293
events[1][1][0][8][1][8][0][8][0][6][0][7]: 294199675710454
events[1][1][0][8][1][8][0][8][0][8][0][4]: 112629231020164
events[1][1][0][8][1][8][0][8][0][8][0][6][0][7]: 189819815374955
events[1][1][0][8][1][8][0][8][0][8][0][7][0][3]: 320702731480206
events[1][1][0][8][1][8][0][8][0][8][1][4]: 660019001959412
events[1][1][0][8][1][8][0][8][0][8][1][6][0][7]: 797407699357552
events[1][1][0][8][1][8][0][8][0][8][1][7][0][3]: 781603939088672
events[1][1][0][8][1][8][0][8][0][8][2][4]: 528600789421696
events[1][1][0][8][1][8][0][8][0][8][2][6][0][7]: 576279211560421
events[1][1][0][8][1][8][0][8][0][8][2][7][0][3]: 301059651802142
events[1][1][0][8][1][8][0][8][1][4]: 705825555079318
events[1][1][0][8][1][8][0][8][1][6][0][7]: 311665551288700
events[1][1][0][8][1][8][0][8][1][7][0][3]: 241118272886853
events[1][1][0][8][1][8][0][8][1][7][1][3]: 951228062678946
events[1][1][0][8][1][8][0][8][2][4]: 390225270213239
events[1][1][0][8][1][8][0][8][2][6][0][7]: 855129736926910
events[1][1][0][8][1][8][0][8][2][8][0][4]: 365334633207281
events[1][1][0][8][1][8][0][8][2][8][0][6][0][7]: 128873044694607
events[1][1][0][8][1][8][0][8][2][8][0][7][0][3]: 602011095200415
events[1][1][0][8][1][8][0][8][2][8][1][4]: 334044447391593
events[1][1][0][8][1][8][0][8][2][8][1][6][0][7]: 248604885335862
events[1][1][0][8][1][8][0][8][2][8][1][7][0][3]: 206408304263411
events[1][1][0][8][1][8][0][8][3][4]: 573553129778265
events[1][1][0][8][1][8][0][8][3][7][0][3]: 818278922332092
events[1][1][0][8][1][8][0][8][3][7][1][3]: 776370781535488
events[1][1][0][8][1][8][0][8][4][4]: 876543525777075
events[1][1][0][8][1][8][0][8][4][6][0][7]: 278266618906932
events[1][1][0][8][1][8][0][8][4][7][0][3]: 718146093550400
events[1][1][0][8][1][8][0][8][5][4]: 251447515767127
events[1][1][0][8][1][8][0][8][5][6][0][7]: 502090644484524
events[1][1][0][8][1][8][0][8][5][8][0][4]: 321348445265055
events[1][1][0][8][1][8][0][8][5][8][0][6][0][7]: 609994326198657
events[1][1][0][8][1][8][0][8][5][8][0][7][0][3]: 614973282116001
events[1][1][0][8][1][8][0][8][5][8][1][4]: 389244103180077
events[1][1][0][8][1][8][0][8][5][8][1][6][0][7]: 854482220419897
events[1][1][0][8][1][8][0][8][5][8][1][7][0][3]: 599599901369964
events[1][1][1][4]: 245733731544468
events[1][1][1][8][0][6]: 590489090194202
events[1][1][1][8][0][8]: 134
events[1][1][1][8][1][6]: 927675595273087
events[1][1][1][8][1][8]: 135
events[1][1][1][8][2][4]: 814806773700711
events[1][1][1][8][2][6][0][7]: 316888844087322
events[1][1][1][8][2][6][1][7]: 400203032188409
events[1][1][1][8][2][6][2][7]: 827745828226835
events[1][1][1][8][2][8][0][4]: 402189739575292
events[1][1][1][8][2][8][0][6][0][0]: 77
events[1][1][1][8][2][8][0][6][0][7]: 859447110050121
events[1][1][1][8][2][8][0][6][1][0]: 77
events[1][1][1][8][2][8][0][6][1][7]: 990691255126142
events[1][1][1][8][2][8][0][7][0][0]: 77
events[1][1][1][8][2][8][0][7][0][3]: 721818407966026
events[1][1][1][8][3][4]: 505156824463730
events[1][1][1][8][3][6][0][7]: 446095170211297
events[1][1][1][8][3][8][0][4]: 215370243112877
events[1][1][1][8][3][8][0][6][0][7]: 248625076631821
events[1][1][1][8][3][8][0][8][0][4]: 726520838634829
events[1][1][1][8][3][8][0][8][0][6][0][0]: 104
events[1][1][1][8][3][8][0][8][0][6][0][7]: 965319924352234
events[1][1][1][8][3][8][0][8][0][8][0][4]: 407389824715472
events[1][1][1][8][3][8][0][8][0][8][0][6][0][7]: 890602085666595
events[1][1][1][8][3][8][0][8][0][8][0][7][0][3]: 133223615908546
events[1][1][1][8][3][8][0][8][0][8][0][7][1][3]: 370496424755052
events[1][1][1][8][3][8][0][8][0][8][1][4]: 432236192874141
events[1][1][1][8][3][8][0][8][0][8][1][6][0][7]: 250573861537864
events[1][1][1][8][3][8][0][8][0][8][1][6][0][9][0][1][1][1]: 77
events[1][1][1][8][3][8][0][8][0][8][1][7][0][0]: 77
events[1][1][1][8][3][8][0][8][0][8][1][7][0][3]: 914962511448187
events[1][1][1][8][3][8][0][8][0][8][1][7][0][6][0][1][1][1]: 77
events[1][1][1][8][3][8][0][8][0][8][2][4]: 635377763487932
events[1][1][1][8][3][8][0][8][0][8][2][6][0][7]: 264613839996183
events[1][1][1][8][3][8][0][8][0][8][2][7][0][0]: 77
events[1][1][1][8][3][8][0][8][0][8][2][7][0][3]: 377804293567135
events[1][1][1][8][3][8][1][4]: 684950945399562
events[1][1][1][8][3][8][1][6][0][7]: 956737540586373
events[1][1][1][8][3][8][1][7][0][3]: 352895211063821
events[1][1][1][8][3][8][1][8][0][4]: 556037113895032
events[1][1][1][8][3][8][1][8][0][6][0][7]: 740386884752570
events[1][1][1][8][3][8][1][8][0][6][0][9][0][1][1][1]: 77
events[1][1][1][8][3][8][1][8][0][7][0][0]: 77
events[1][1][1][8][3][8][1][8][0][7][0][3]: 160128354118889
events[1][1][1][8][3][8][1][8][0][7][0][6][0][1][1][1]: 77
events[1][1][1][8][3][8][1][8][1][4]: 518640631432555
events[1][1][1][8][3][8][1][8][1][6][0][7]: 640153404631440
events[1][1][1][8][3][8][1][8][1][7][0][0]: 77
events[1][1][1][8][3][8][1][8][1][7][0][3]: 666612892071790
events[1][1][1][8][3][8][1][8][2][4]: 648261011665779
events[1][1][1][8][3][8][1][8][2][6][0][7]: 954782657597247
events[1][1][1][8][3][8][1][8][2][8][0][4]: 939299236634509
events[1][1][1][8][3][8][1][8][2][8][0][6][0][0]: 77
events[1][1][1][8][3][8][1][8][2][8][0][6][0][7]: 339454981468828
events[1][1][1][8][3][8][1][8][2][8][0][8][0][4]: 557125470496345
events[1][1][1][8][3][8][1][8][2][8][0][8][0][6][0][0]: 104
events[1][1][1][8][3][8][1][8][2][8][0][8][0][6][0][7]: 632981993276414
events[1][1][1][8][3][8][1][8][2][8][0][8][0][6][1][0]: 104
events[1][1][1][8][3][8][1][8][2][8][0][8][0][6][1][7]: 581987610468529
events[1][1][1][8][3][8][1][8][2][8][0][8][0][7][0][0]: 104
events[1][1][1][8][3][8][1][8][2][8][0][8][0][7][0][3]: 628040187892727
events[1][1][1][8][3][8][1][8][2][8][0][8][0][7][1][0]: 77
events[1][1][1][8][3][8][1][8][2][8][0][8][0][7][1][3]: 702914687832068
events[1][1][1][8][3][8][1][8][2][8][0][8][0][7][2][0]: 77
events[1][1][1][8][3][8][1][8][2][8][0][8][0][7][2][3]: 175527426595799
events[1][1][1][8][3][8][1][8][2][8][0][8][0][7][3][0]: 104
events[1][1][1][8][3][8][1][8][2][8][0][8][0][7][3][3]: 572137664247287
events[1][1][1][8][3][8][1][8][2][8][0][8][0][7][4][0]: 104
events[1][1][1][8][3][8][1][8][2][8][0][8][0][7][4][3]: 966338701045987
events[1][1][1][8][3][8][1][8][2][8][0][8][0][7][5][0]: 104
events[1][1][1][8][3][8][1][8][2][8][0][8][0][7][5][3]: 632287520117741
events[1][1][1][8][3][8][1][8][2][8][0][8][0][7][6][0]: 104
events[1][1][1][8][3][8][1][8][2][8][0][8][0][7][6][3]: 991775107574732
events[1][1][1][8][3][8][1][8][2][8][0][8][0][7][7][0]: 73
events[1][1][1][8][3][8][1][8][2][8][0][8][0][7][7][1]: 50
events[1][1][1][8][3][8][1][8][2][8][0][8][0][7][7][3]: 738653719466911
events[1][1][1][8][3][8][1][8][2][8][0][8][0][7][7][6][0][1]: 104
events[1][1][1][8][3][8][1][8][2][8][0][8][0][7][8][0]: 104
events[1][1][1][8][3][8][1][8][2][8][0][8][0][7][8][1]: 51
events[1][1][1][8][3][8][1][8][2][8][0][8][0][7][8][3]: 926862856101145
events[1][1][1][8][3][8][1][8][2][8][0][8][0][7][9][0]: 104
events[1][1][1][8][3][8][1][8][2][8][0][8][0][7][9][1]: 52
events[1][1][1][8][3][8][1][8][2][8][0][8][0][7][9][3]: 337627941203402
events[1][1][1][8][3][8][1][8][2][8][0][8][0][7][9][6][0][1][1][1]: 104
events[1][1][1][8][3][8][1][8][2][8][0][8][0][7][9][6][0][1][1][2]: 53
events[1][1][1][8][3][8][1][8][2][8][0][8][0][7][9][6][0][1][2][1]: 77
events[1][1][1][8][3][8][1][8][2][8][0][8][0][7][9][6][1][1][1][1]: 104
events[1][1][1][8][3][8][1][8][2][8][0][8][0][7][9][6][1][1][1][2]: 54
events[1][1][1][8][3][8][1][8][2][8][0][8][0][7][9][6][1][1][2][1]: 77
events[1][1][1][8][3][8][2][4]: 616908348390767
events[1][1][1][8][3][8][2][6][0][7]: 669724380988829
events[1][1][1][8][3][8][2][6][1][7]: 382381163460512
events[1][1][1][8][3][8][2][6][2][1]: 55
events[1][1][1][8][3][8][2][6][2][7]: 648985787960226
events[1][1][1][8][3][8][2][6][3][7]: 109890889448089
events[1][1][1][8][3][8][2][6][4][0]: 104
events[1][1][1][8][3][8][2][6][4][7]: 791472912811160
events[1][1][1][8][3][8][2][7][0][3]: 697267730353986
events[1][1][1][8][3][8][2][8][0][4]: 613432754696780
events[1][1][1][8][3][8][2][8][0][6][0][7]: 438405668872728
events[1][1][1][8][3][8][2][8][0][7][0][3]: 665807643862225
events[1][1][1][8][3][8][2][8][0][7][1][3]: 957153843481735
events[1][1][1][8][3][8][2][8][0][7][2][1]: 51
events[1][1][1][8][3][8][2][8][0][7][2][3]: 664868530532041
events[1][1][1][8][3][8][2][8][0][8][0][4]: 874208867659848
events[1][1][1][8][3][8][2][8][0][8][0][6][0][7]: 738853261323931
events[1][1][1][8][3][8][2][8][0][8][0][7][0][3]: 506139320970948
events[1][1][1][8][3][8][2][8][0][8][0][7][1][1]: 52
events[1][1][1][8][3][8][2][8][0][8][0][7][1][3]: 287494865638416
events[1][1][1][8][3][8][2][8][0][8][0][7][2][3]: 973233553548550
events[1][1][1][8][3][8][2][8][0][8][1][4]: 751560040463591
events[1][1][1][8][3][8][2][8][0][8][1][6][0][7]: 112671360590332
events[1][1][1][8][3][8][2][8][0][8][1][7][0][3]: 600049787022092
events[1][1][1][8][3][8][2][8][0][8][1][7][0][6][1][1][1][2]: 53
events[1][1][1][8][3][8][2][8][0][8][2][4]: 259167491917570
events[1][1][1][8][3][8][2][8][0][8][2][6][0][7]: 765466087036517
events[1][1][1][8][3][8][2][8][0][8][2][7][0][3]: 148768171420280
events[1][1][1][8][3][8][2][8][0][8][2][7][0][6][1][1][1][2]: 53
events[1][1][2][4]: 128404258333510
events[1][1][2][8][0][4]: 591837796125362
events[1][1][2][8][0][6][0][7]: 238877609676214
events[1][1][2][8][0][8][0][4]: 614540511751931
events[1][1][2][8][0][8][0][6][0][7]: 519348469460962
events[1][1][2][8][0][8][0][7][0][3]: 303926236419256
events[1][1][2][8][0][8][1][4]: 141536081437670
events[1][1][2][8][0][8][1][6][0][7]: 394426183762051
events[1][1][2][8][0][8][1][7][0][3]: 986254334827111
events[1][1][2][8][0][8][2][4]: 676055081340688
events[1][1][2][8][0][8][2][6][0][7]: 701233058489297
events[1][1][2][8][0][8][2][7][0][3]: 243632957322074
events[1][1][2][8][0][8][3][4]: 895485936138289
events[1][1][2][8][0][8][3][6][0][7]: 764875140561735
events[1][1][2][8][0][8][3][7][0][3]: 817650586474518
events[1][1][2][8][1][4]: 487002227161357
events[1][1][2][8][1][6][0][7]: 908849471205933
events[1][1][2][8][1][7][0][1]: 56
events[1][1][2][8][1][7][0][3]: 227090868381008
events[1][1][2][8][1][7][1][1]: 57
events[1][1][2][8][1][7][1][3]: 822302980882280
events[1][1][2][8][1][7][1][6][0][1][1][1]: 58
events[1][1][2][8][1][7][1][6][0][1][2][1]: 59
events[1][1][2][8][1][7][1][6][0][1][3][2]: 54
events[1][1][2][8][1][7][1][6][0][1][4][2]: 54
events[1][1][3][4]: 762782988296775
events[1][1][3][8][0][4]: 386629780104495
events[1][1][3][8][0][7][0][0]: 77
events[1][1][3][8][0][7][0][1]: 60
events[1][1][3][8][0][7][0][3]: 781819198793230
events[1][1][3][8][1][4]: 938857600938378
events[1][1][3][8][1][7][0][0]: 80
events[1][1][3][8][1][7][0][1]: 60
events[1][1][3][8][1][7][0][3]: 379906525226908
events[1][1][3][8][1][7][0][6][0][1][1][1]: 77
events[1][1][3][8][1][7][0][6][1][1][1][1]: 77
events[1][1][3][8][2][4]: 367868440528332
events[1][1][3][8][2][5]: 50
events[1][1][3][8][2][6][0][7]: 422140019735445
events[1][1][3][8][2][8][0][4]: 938299090838197
events[1][1][3][8][2][8][0][5]: 51
events[1][1][3][8][2][8][0][6][0][0]: 104
events[1][1][3][8][2][8][0][6][0][1]: 61
events[1][1][3][8][2][8][0][6][0][7]: 488739205264261
events[1][1][3][8][2][8][0][6][0][9][0][1]: 80
events[1][1][3][8][2][8][0][6][1][0]: 104
events[1][1][3][8][2][8][0][6][1][7]: 203076552141335
events[1][1][3][8][2][8][0][6][2][0]: 104
events[1][1][3][8][2][8][0][6][2][7]: 643335018981502
events[1][1][3][8][2][8][0][7][0][1]: 62
events[1][1][3][8][2][8][0][7][0][3]: 233546873141707
events[1][1][3][8][2][8][0][7][0][6][1][1]: 77
events[1][1][3][8][2][8][0][7][1][0]: 104
events[1][1][3][8][2][8][0][7][1][3]: 654007456270349
events[1][1][3][8][2][8][0][7][2][0]: 104
events[1][1][3][8][2][8][0][7][2][3]: 822221422169706
events[1][1][3][8][2][8][0][7][3][0]: 104
events[1][1][3][8][2][8][0][7][3][3]: 408705758478378
events[1][1][3][8][2][8][1][4]: 199974876125198
events[1][1][3][8][2][8][1][5]: 52
events[1][1][3][8][2][8][1][6][0][0]: 104
events[1][1][3][8][2][8][1][6][0][7]: 698785503610947
events[1][1][3][8][2][8][1][6][1][0]: 104
events[1][1][3][8][2][8][1][6][1][7]: 103585912514824
events[1][1][3][8][2][8][1][6][2][0]: 104
events[1][1][3][8][2][8][1][6][2][7]: 278823729298252
events[1][1][3][8][2][8][1][7][0][0]: 104
events[1][1][3][8][2][8][1][7][0][1]: 60
events[1][1][3][8][2][8][1][7][0][3]: 863119186323297
events[1][1][3][8][2][8][1][7][0][6][0][1][1][1]: 104
events[1][1][3][8][2][8][1][7][0][6][0][1][1][2]: 53
events[1][1][3][8][2][8][1][7][0][6][0][1][2][1]: 77
events[1][1][3][8][2][8][1][7][0][6][1][1][1][1]: 104
events[1][1][3][8][2][8][1][7][0][6][1][1][1][2]: 54
events[1][1][3][8][2][8][1][7][0][6][1][1][2][1]: 77
events[1][1][3][8][2][8][2][4]: 603210034122569
events[1][1][3][8][2][8][2][5]: 53
events[1][1][3][8][2][8][2][6][0][0]: 104
events[1][1][3][8][2][8][2][6][0][7]: 948575964015892
events[1][1][3][8][2][8][2][6][1][0]: 104
events[1][1][3][8][2][8][2][6][1][7]: 919663696784687
events[1][1][3][8][2][8][2][7][0][0]: 104
events[1][1][3][8][2][8][2][7][0][1]: 60
events[1][1][3][8][2][8][2][7][0][3]: 412038971427577
events[1][1][3][8][2][8][2][7][0][6][0][1][1][1]: 77
events[1][1][3][8][2][8][2][7][0][6][1][1][1][1]: 77
events[1][1][3][8][2][8][2][7][1][1]: 60
events[1][1][3][8][2][8][2][7][1][3]: 504613425875611
events[1][1][3][8][2][8][2][7][1][6][0][1][1][1]: 77
events[1][1][3][8][2][8][2][7][1][6][1][1][1][1]: 77
events[1][1][3][8][2][8][2][8][0][4]: 235388138741847
events[1][1][3][8][2][8][2][8][0][5]: 54
events[1][1][3][8][2][8][2][8][0][6][0][7]: 243762513011615
events[1][1][3][8][2][8][2][8][0][7][0][3]: 954421111616884
events[1][1][3][8][2][8][3][4]: 562275679529556
events[1][1][3][8][2][8][3][5]: 55
events[1][1][3][8][2][8][3][6][0][0]: 77
events[1][1][3][8][2][8][3][6][0][1]: 61
events[1][1][3][8][2][8][3][6][0][7]: 913286584477878
events[1][1][3][8][2][8][3][6][0][9][0][1]: 104
events[1][1][3][8][2][8][3][6][1][0]: 104
events[1][1][3][8][2][8][3][6][1][7]: 406826044130612
events[1][1][3][8][2][8][3][7][0][3]: 417837845777917
events[1][1][3][8][2][8][3][7][1][0]: 104
events[1][1][3][8][2][8][3][7][1][3]: 285492343280015
events[1][1][3][8][2][8][3][7][2][1]: 62
events[1][1][3][8][2][8][3][7][2][3]: 886783872712883
events[1][1][3][8][2][8][3][7][2][6][1][1]: 77
events[1][1][3][8][2][8][3][7][3][0]: 104
events[1][1][3][8][2][8][3][7][3][3]: 547959236494778
events[1][1][3][8][2][8][3][7][4][0]: 104
events[1][1][3][8][2][8][3][7][4][3]: 772749574680982
events[1][1][3][8][2][8][3][7][5][0]: 77
events[1][1][3][8][2][8][3][7][5][3]: 280210565162702
events[2][1][0][4]: 382494310240054
events[2][1][0][8][0][4]: 750940904585247
events[2][1][0][8][0][6][0][7]: 960198116291388
events[2][1][0][8][0][7][0][3]: 915576772409089
events[2][1][0][8][0][7][1][3]: 596237907613739
events[2][1][0][8][0][8][0][4]: 406554981337087
events[2][1][0][8][0][8][0][6][0][7]: 953351399566515
events[2][1][0][8][0][8][0][7][0][3]: 875322160757097
events[2][1][0][8][0][8][1][4]: 230304047653791
events[2][1][0][8][0][8][1][6][0][7]: 721497225146556
events[2][1][0][8][0][8][1][7][0][3]: 206261383806501
events[2][1][0][8][1][4]: 495465135205289
events[2][1][0][8][1][6][0][7]: 436570882246859
events[2][1][0][8][1][8][0][4]: 162831961513535
events[2][1][0][8][1][8][0][6][0][7]: 688914432562100
events[2][1][0][8][1][8][0][8][0][4]: 391179812726916
events[2][1][0][8][1][8][0][8][0][6][0][7]: 286870797895315
events[2][1][0][8][1][8][0][8][0][8][0][4]: 642074166115191
events[2][1][0][8][1][8][0][8][0][8][0][6][0][7]: 612913020114458
events[2][1][0][8][1][8][0][8][0][8][0][7][0][3]: 974052011620780
events[2][1][0][8][1][8][0][8][0][8][1][4]: 452498062896228
events[2][1][0][8][1][8][0][8][0][8][1][6][0][7]: 359754945225867
events[2][1][0][8][1][8][0][8][0][8][1][7][0][3]: 669819915661034
events[2][1][0][8][1][8][0][8][0][8][2][4]: 624334190989661
events[2][1][0][8][1][8][0][8][0][8][2][6][0][7]: 398042214327226
events[2][1][0][8][1][8][0][8][0][8][2][7][0][3]: 284855281285836
events[2][1][0][8][1][8][0][8][0][8][3][4]: 726912204335243
events[2][1][0][8][1][8][0][8][0][8][3][7][0][3]: 171015972048121
events[2][1][0][8][1][8][0][8][1][4]: 660856117128697
events[2][1][0][8][1][8][0][8][1][6][0][7]: 669915714811043
events[2][1][0][8][1][8][0][8][1][7][0][3]: 230532593851399
events[2][1][0][8][1][8][0][8][1][7][1][3]: 474116906570215
events[2][1][0][8][1][8][0][8][2][4]: 775070453295281
events[2][1][0][8][1][8][0][8][2][6][0][7]: 990666682436560
events[2][1][0][8][1][8][0][8][2][8][0][4]: 469878728707629
events[2][1][0][8][1][8][0][8][2][8][0][6][0][7]: 902604571855623
events[2][1][0][8][1][8][0][8][2][8][0][7][0][3]: 204810005300736
events[2][1][0][8][1][8][0][8][2][8][1][4]: 527961531609936
events[2][1][0][8][1][8][0][8][2][8][1][6][0][7]: 843435028112462
events[2][1][0][8][1][8][0][8][2][8][1][7][0][3]: 233146996535263
events[2][1][0][8][1][8][0][8][3][4]: 355005122068944
events[2][1][0][8][1][8][0][8][3][7][0][3]: 472016454659848
events[2][1][0][8][1][8][0][8][3][7][1][3]: 569998492901421
events[2][1][0][8][1][8][0][8][4][4]: 413112317691649
events[2][1][0][8][1][8][0][8][4][6][0][7]: 415986577895094
events[2][1][0][8][1][8][0][8][4][7][0][3]: 337386629368027
events[2][1][0][8][1][8][0][8][5][4]: 168904531703449
events[2][1][0][8][1][8][0][8][5][6][0][7]: 946799459563348
events[2][1][0][8][1][8][0][8][5][8][0][4]: 539764860680307
events[2][1][0][8][1][8][0][8][5][8][0][6][0][7]: 444250712297719
events[2][1][0][8][1][8][0][8][5][8][0][7][0][3]: 864135090015810
events[2][1][0][8][1][8][0][8][5][8][1][4]: 338316626035163
events[2][1][0][8][1][8][0][8][5][8][1][6][0][7]: 893459074143325
events[2][1][0][8][1][8][0][8][5][8][1][7][0][3]: 839223722596045
events[2][1][1][4]: 965517901142642
events[2][1][1][8][0][6]: 267837901477967
events[2][1][1][8][0][8]: 134
events[2][1][1][8][1][6]: 681621315302548
events[2][1][1][8][1][8]: 135
events[2][1][1][8][2][4]: 959982859373032
events[2][1][1][8][2][6][0][7]: 355341747701641
events[2][1][1][8][2][6][1][7]: 588645784775553
events[2][1][1][8][2][6][2][7]: 440308707093738
events[2][1][1][8][2][8][0][4]: 776863589070610
events[2][1][1][8][2][8][0][6][0][0]: 78
events[2][1][1][8][2][8][0][6][0][7]: 420594838579290
events[2][1][1][8][2][8][0][6][1][0]: 78
events[2][1][1][8][2][8][0][6][1][7]: 773277187268136
events[2][1][1][8][2][8][0][7][0][0]: 78
events[2][1][1][8][2][8][0][7][0][3]: 113382576599862
events[2][1][1][8][3][4]: 614108099515919
events[2][1][1][8][3][6][0][7]: 121901276770429
events[2][1][1][8][3][8][0][4]: 708787583945531
events[2][1][1][8][3][8][0][6][0][7]: 944623729759648
events[2][1][1][8][3][8][0][8][0][4]: 938692439628333
events[2][1][1][8][3][8][0][8][0][6][0][0]: 104
events[2][1][1][8][3][8][0][8][0][6][0][7]: 585533481272226
events[2][1][1][8][3][8][0][8][0][8][0][4]: 686639762964698
events[2][1][1][8][3][8][0][8][0][8][0][6][0][7]: 874769129709949
events[2][1][1][8][3][8][0][8][0][8][0][7][0][3]: 196364127719535
events[2][1][1][8][3][8][0][8][0][8][0][7][1][3]: 585884931085237
events[2][1][1][8][3][8][0][8][0][8][1][4]: 845085860845074
events[2][1][1][8][3][8][0][8][0][8][1][6][0][7]: 666441162784853
events[2][1][1][8][3][8][0][8][0][8][1][6][0][9][0][1][1][1]: 63
events[2][1][1][8][3][8][0][8][0][8][1][6][0][9][0][1][2][1]: 78
events[2][1][1][8][3][8][0][8][0][8][1][7][0][0]: 78
events[2][1][1][8][3][8][0][8][0][8][1][7][0][3]: 837908092068164
events[2][1][1][8][3][8][0][8][0][8][1][7][0][6][0][1][1][1]: 78
events[2][1][1][8][3][8][0][8][0][8][2][4]: 347270919383244
events[2][1][1][8][3][8][0][8][0][8][2][6][0][7]: 230449727598999
events[2][1][1][8][3][8][0][8][0][8][2][7][0][0]: 78
events[2][1][1][8][3][8][0][8][0][8][2][7][0][3]: 529009324150274
events[2][1][1][8][3][8][1][4]: 444358040598881
events[2][1][1][8][3][8][1][6][0][7]: 190745137620572
events[2][1][1][8][3][8][1][7][0][3]: 280986605905812
events[2][1][1][8][3][8][1][8][0][4]: 901743096349906
events[2][1][1][8][3][8][1][8][0][6][0][7]: 972440935541931
events[2][1][1][8][3][8][1][8][0][6][0][9][0][1][1][1]: 78
events[2][1][1][8][3][8][1][8][0][7][0][0]: 78
events[2][1][1][8][3][8][1][8][0][7][0][3]: 109921897093305
events[2][1][1][8][3][8][1][8][0][7][0][6][0][1][1][1]: 78
events[2][1][1][8][3][8][1][8][1][4]: 874298186925040
events[2][1][1][8][3][8][1][8][1][6][0][7]: 756981585212016
events[2][1][1][8][3][8][1][8][1][7][0][0]: 78
events[2][1][1][8][3][8][1][8][1][7][0][3]: 506663439531300
events[2][1][1][8][3][8][1][8][2][4]: 955404500653853
events[2][1][1][8][3][8][1][8][2][6][0][7]: 903790730841603
events[2][1][1][8][3][8][1][8][2][8][0][4]: 607054488240373
events[2][1][1][8][3][8][1][8][2][8][0][6][0][0]: 78
events[2][1][1][8][3][8][1][8][2][8][0][6][0][7]: 441599822056034
events[2][1][1][8][3][8][1][8][2][8][0][8][0][4]: 606011255588960
events[2][1][1][8][3][8][1][8][2][8][0][8][0][6][0][0]: 104
events[2][1][1][8][3][8][1][8][2][8][0][8][0][6][0][7]: 316845845258517
events[2][1][1][8][3][8][1][8][2][8][0][8][0][6][1][0]: 104
events[2][1][1][8][3][8][1][8][2][8][0][8][0][6][1][7]: 316250698295896
events[2][1][1][8][3][8][1][8][2][8][0][8][0][7][0][0]: 104
events[2][1][1][8][3][8][1][8][2][8][0][8][0][7][0][3]: 148066819742764
events[2][1][1][8][3][8][1][8][2][8][0][8][0][7][1][0]: 78
events[2][1][1][8][3][8][1][8][2][8][0][8][0][7][1][3]: 974367702035979
events[2][1][1][8][3][8][1][8][2][8][0][8][0][7][2][0]: 78
events[2][1][1][8][3][8][1][8][2][8][0][8][0][7][2][3]: 120198909751088
events[2][1][1][8][3][8][1][8][2][8][0][8][0][7][3][0]: 104
events[2][1][1][8][3][8][1][8][2][8][0][8][0][7][3][3]: 627040990025436
events[2][1][1][8][3][8][1][8][2][8][0][8][0][7][4][0]: 104
events[2][1][1][8][3][8][1][8][2][8][0][8][0][7][4][3]: 148795715372760
events[2][1][1][8][3][8][1][8][2][8][0][8][0][7][5][0]: 104
events[2][1][1][8][3][8][1][8][2][8][0][8][0][7][5][3]: 327774446121542
events[2][1][1][8][3][8][1][8][2][8][0][8][0][7][6][0]: 104
events[2][1][1][8][3][8][1][8][2][8][0][8][0][7][6][3]: 183301059335320
events[2][1][1][8][3][8][1][8][2][8][0][8][0][7][7][0]: 71
events[2][1][1][8][3][8][1][8][2][8][0][8][0][7][7][1]: 50
events[2][1][1][8][3][8][1][8][2][8][0][8][0][7][7][3]: 285226175639733
events[2][1][1][8][3][8][1][8][2][8][0][8][0][7][7][6][0][1]: 104
events[2][1][1][8][3][8][1][8][2][8][0][8][0][7][8][0]: 104
events[2][1][1][8][3][8][1][8][2][8][0][8][0][7][8][1]: 51
events[2][1][1][8][3][8][1][8][2][8][0][8][0][7][8][3]: 811041189041269
events[2][1][1][8][3][8][1][8][2][8][0][8][0][7][9][0]: 104
events[2][1][1][8][3][8][1][8][2][8][0][8][0][7][9][1]: 52
events[2][1][1][8][3][8][1][8][2][8][0][8][0][7][9][3]: 112830425970485
events[2][1][1][8][3][8][1][8][2][8][0][8][0][7][9][6][0][1][1][1]: 104
events[2][1][1][8][3][8][1][8][2][8][0][8][0][7][9][6][0][1][1][2]: 53
events[2][1][1][8][3][8][1][8][2][8][0][8][0][7][9][6][0][1][2][1]: 63
events[2][1][1][8][3][8][1][8][2][8][0][8][0][7][9][6][0][1][3][1]: 78
events[2][1][1][8][3][8][1][8][2][8][0][8][0][7][9][6][1][1][0]: 50
events[2][1][1][8][3][8][1][8][2][8][0][8][0][7][9][6][1][1][1][1]: 104
events[2][1][1][8][3][8][1][8][2][8][0][8][0][7][9][6][1][1][1][2]: 54
events[2][1][1][8][3][8][1][8][2][8][0][8][0][7][9][6][1][1][2][1]: 63
events[2][1][1][8][3][8][1][8][2][8][0][8][0][7][9][6][1][1][3][1]: 78
events[2][1][1][8][3][8][2][4]: 711176531458092
events[2][1][1][8][3][8][2][6][0][7]: 878585482645329
events[2][1][1][8][3][8][2][6][1][7]: 159256985765861
events[2][1][1][8][3][8][2][6][2][1]: 55
events[2][1][1][8][3][8][2][6][2][7]: 633393014221717
events[2][1][1][8][3][8][2][6][3][7]: 183872880779724
events[2][1][1][8][3][8][2][6][4][0]: 104
events[2][1][1][8][3][8][2][6][4][7]: 767332008668482
events[2][1][1][8][3][8][2][7][0][3]: 337681442884394
events[2][1][1][8][3][8][2][8][0][4]: 261883133179083
events[2][1][1][8][3][8][2][8][0][6][0][7]: 283076242058296
events[2][1][1][8][3][8][2][8][0][7][0][3]: 545069087730385
events[2][1][1][8][3][8][2][8][0][7][1][3]: 432362978513289
events[2][1][1][8][3][8][2][8][0][7][2][1]: 51
events[2][1][1][8][3][8][2][8][0][7][2][3]: 583332434199312
events[2][1][1][8][3][8][2][8][0][8][0][4]: 957415264246228
events[2][1][1][8][3][8][2][8][0][8][0][6][0][7]: 803886958644461
events[2][1][1][8][3][8][2][8][0][8][0][7][0][3]: 235745116468038
events[2][1][1][8][3][8][2][8][0][8][0][7][1][1]: 52
events[2][1][1][8][3][8][2][8][0][8][0][7][1][3]: 567435188932319
events[2][1][1][8][3][8][2][8][0][8][0][7][2][3]: 872530368881234
events[2][1][1][8][3][8][2][8][0][8][1][4]: 976573415600737
events[2][1][1][8][3][8][2][8][0][8][1][6][0][7]: 717989386211116
events[2][1][1][8][3][8][2][8][0][8][1][7][0][3]: 382906512822869
events[2][1][1][8][3][8][2][8][0][8][1][7][0][6][1][1][1][2]: 53
events[2][1][1][8][3][8][2][8][0][8][2][4]: 552479425602948
events[2][1][1][8][3][8][2][8][0][8][2][6][0][7]: 525172195341378
events[2][1][1][8][3][8][2][8][0][8][2][7][0][3]: 296328330506953
events[2][1][1][8][3][8][2][8][0][8][2][7][0][6][1][1][1][2]: 53
events[2][1][2][4]: 168717394599589
events[2][1][2][6][0][9][0][1][0]: 51
events[2][1][2][8][0][4]: 292576625897886
events[2][1][2][8][0][6][0][7]: 339028710976708
events[2][1][2][8][0][8][0][4]: 843181496733442
events[2][1][2][8][0][8][0][6][0][7]: 895817254682155
events[2][1][2][8][0][8][0][7][0][3]: 918071152875969
events[2][1][2][8][0][8][1][4]: 152800731014898
events[2][1][2][8][0][8][1][6][0][7]: 561775432605314
events[2][1][2][8][0][8][1][7][0][3]: 441309693245052
events[2][1][2][8][0][8][2][4]: 324650356231595
events[2][1][2][8][0][8][2][6][0][7]: 415673189605104
events[2][1][2][8][0][8][2][7][0][3]: 841002527945159
events[2][1][2][8][0][8][3][4]: 372794028518337
events[2][1][2][8][0][8][3][6][0][7]: 166078580131082
events[2][1][2][8][0][8][3][7][0][3]: 587423019540421
events[2][1][2][8][1][4]: 249597469668388
events[2][1][2][8][1][6][0][7]: 914181172660330
events[2][1][2][8][1][7][0][1]: 56
events[2][1][2][8][1][7][0][3]: 104320334916004
events[2][1][2][8][1][7][1][1]: 57
events[2][1][2][8][1][7][1][3]: 233830842879330
events[2][1][2][8][1][7][1][6][0][1][1][1]: 58
events[2][1][2][8][1][7][1][6][0][1][2][1]: 59
events[2][1][2][8][1][7][1][6][0][1][3][2]: 54
events[2][1][2][8][1][7][1][6][0][1][4][2]: 54
events[2][1][3][4]: 161671481474845
events[2][1][3][6][0][9][0][1][0]: 52
events[2][1][3][8][0][4]: 281081181704851
events[2][1][3][8][0][7][0][0]: 78
events[2][1][3][8][0][7][0][1]: 60
events[2][1][3][8][0][7][0][3]: 674254543802347
events[2][1][3][8][1][4]: 878395293571307
events[2][1][3][8][1][5]: 50
events[2][1][3][8][1][7][0][0]: 81
events[2][1][3][8][1][7][0][1]: 60
events[2][1][3][8][1][7][0][3]: 293995943155926
events[2][1][3][8][1][7][0][6][0][1][1][1]: 78
events[2][1][3][8][1][7][0][6][1][1][1][1]: 78
events[2][1][3][8][2][4]: 421934924615076
events[2][1][3][8][2][5]: 51
events[2][1][3][8][2][6][0][7]: 279466280364396
events[2][1][3][8][2][8][0][4]: 331829015607001
events[2][1][3][8][2][8][0][5]: 52
events[2][1][3][8][2][8][0][6][0][0]: 104
events[2][1][3][8][2][8][0][6][0][1]: 61
events[2][1][3][8][2][8][0][6][0][7]: 186312653464189
events[2][1][3][8][2][8][0][6][0][9][0][1]: 81
events[2][1][3][8][2][8][0][6][1][0]: 104
events[2][1][3][8][2][8][0][6][1][7]: 607891218751380
events[2][1][3][8][2][8][0][6][2][0]: 104
events[2][1][3][8][2][8][0][6][2][7]: 157763983825333
events[2][1][3][8][2][8][0][7][0][1]: 62
events[2][1][3][8][2][8][0][7][0][3]: 728431331339843
events[2][1][3][8][2][8][0][7][0][6][1][1]: 78
events[2][1][3][8][2][8][0][7][1][0]: 104
events[2][1][3][8][2][8][0][7][1][3]: 771810212373293
events[2][1][3][8][2][8][0][7][2][0]: 104
events[2][1][3][8][2][8][0][7][2][3]: 525565664840656
events[2][1][3][8][2][8][0][7][3][0]: 104
events[2][1][3][8][2][8][0][7][3][3]: 381563481664290
events[2][1][3][8][2][8][1][4]: 195488097128689
events[2][1][3][8][2][8][1][5]: 53
events[2][1][3][8][2][8][1][6][0][0]: 104
events[2][1][3][8][2][8][1][6][0][7]: 770243744968052
events[2][1][3][8][2][8][1][6][1][0]: 104
events[2][1][3][8][2][8][1][6][1][7]: 609051724160881
events[2][1][3][8][2][8][1][6][2][0]: 104
events[2][1][3][8][2][8][1][6][2][7]: 914571054591676
events[2][1][3][8][2][8][1][7][0][0]: 104
events[2][1][3][8][2][8][1][7][0][1]: 60
events[2][1][3][8][2][8][1][7][0][3]: 143764749590261
events[2][1][3][8][2][8][1][7][0][6][0][1][1][1]: 104
events[2][1][3][8][2][8][1][7][0][6][0][1][1][2]: 53
events[2][1][3][8][2][8][1][7][0][6][0][1][2][1]: 78
events[2][1][3][8][2][8][1][7][0][6][1][1][1][1]: 104
events[2][1][3][8][2][8][1][7][0][6][1][1][1][2]: 54
events[2][1][3][8][2][8][1][7][0][6][1][1][2][1]: 78
events[2][1][3][8][2][8][2][4]: 516970325463967
events[2][1][3][8][2][8][2][5]: 54
events[2][1][3][8][2][8][2][6][0][0]: 104
events[2][1][3][8][2][8][2][6][0][7]: 593506551203960
events[2][1][3][8][2][8][2][6][1][0]: 104
events[2][1][3][8][2][8][2][6][1][7]: 829623238208075
events[2][1][3][8][2][8][2][7][0][0]: 104
events[2][1][3][8][2][8][2][7][0][1]: 60
events[2][1][3][8][2][8][2][7][0][3]: 119626934885700
events[2][1][3][8][2][8][2][7][0][6][0][1][1][1]: 78
events[2][1][3][8][2][8][2][7][0][6][1][1][1][1]: 78
events[2][1][3][8][2][8][2][7][1][1]: 60
events[2][1][3][8][2][8][2][7][1][3]: 348693988501994
events[2][1][3][8][2][8][2][7][1][6][0][1][1][1]: 78
events[2][1][3][8][2][8][2][7][1][6][1][1][1][1]: 78
events[2][1][3][8][2][8][2][8][0][4]: 491747086550335
events[2][1][3][8][2][8][2][8][0][5]: 55
events[2][1][3][8][2][8][2][8][0][6][0][7]: 588903185419725
events[2][1][3][8][2][8][2][8][0][7][0][3]: 900491484654707
events[2][1][3][8][2][8][3][4]: 297649759483332
events[2][1][3][8][2][8][3][5]: 56
events[2][1][3][8][2][8][3][6][0][0]: 78
events[2][1][3][8][2][8][3][6][0][1]: 61
events[2][1][3][8][2][8][3][6][0][7]: 787984796704368
events[2][1][3][8][2][8][3][6][0][9][0][1]: 104
events[2][1][3][8][2][8][3][6][1][0]: 104
events[2][1][3][8][2][8][3][6][1][7]: 357482818502548
events[2][1][3][8][2][8][3][7][0][3]: 559317400784783
events[2][1][3][8][2][8][3][7][1][0]: 104
events[2][1][3][8][2][8][3][7][1][3]: 900802734673389
events[2][1][3][8][2][8][3][7][2][1]: 62
events[2][1][3][8][2][8][3][7][2][3]: 662750955682754
events[2][1][3][8][2][8][3][7][2][6][1][1]: 78
events[2][1][3][8][2][8][3][7][3][0]: 104
events[2][1][3][8][2][8][3][7][3][3]: 254612438082581
events[2][1][3][8][2][8][3][7][4][0]: 104
events[2][1][3][8][2][8][3][7][4][3]: 127368410224155
events[2][1][3][8][2][8][3][7][5][0]: 78
events[2][1][3][8][2][8][3][7][5][3]: 171338426099320
events[3][1][0][4]: 239777695973482
events[3][1][0][6][0][9][0][1][0]: 53
events[3][1][0][8][0][4]: 879559369591710
events[3][1][0][8][0][6][0][7]: 101859967894693
events[3][1][0][8][0][7][0][3]: 709089572764602
events[3][1][0][8][0][7][1][3]: 260866249492630
events[3][1][0][8][0][8][0][4]: 799694803628145
events[3][1][0][8][0][8][0][6][0][7]: 186836710195965
events[3][1][0][8][0][8][0][7][0][3]: 225521508513722
events[3][1][0][8][0][8][1][4]: 741884321547409
events[3][1][0][8][0][8][1][6][0][7]: 427644447047929
events[3][1][0][8][0][8][1][7][0][3]: 561791388047577
events[3][1][0][8][1][4]: 906844690462855
events[3][1][0][8][1][6][0][7]: 283907284543056
events[3][1][0][8][1][8][0][4]: 150630219451562
events[3][1][0][8][1][8][0][6][0][7]: 177320621937602
events[3][1][0][8][1][8][0][8][0][4]: 976630736613048
events[3][1][0][8][1][8][0][8][0][6][0][7]: 238599270962967
events[3][1][0][8][1][8][0][8][0][8][0][4]: 913040240772507
events[3][1][0][8][1][8][0][8][0][8][0][6][0][7]: 146958891991263
events[3][1][0][8][1][8][0][8][0][8][0][7][0][3]: 672687322431948
events[3][1][0][8][1][8][0][8][0][8][1][4]: 417276569859176
events[3][1][0][8][1][8][0][8][0][8][1][6][0][7]: 850589808583195
events[3][1][0][8][1][8][0][8][0][8][1][7][0][3]: 835107657904450
events[3][1][0][8][1][8][0][8][0][8][2][4]: 347072213290423
events[3][1][0][8][1][8][0][8][0][8][2][6][0][7]: 397125928039462
events[3][1][0][8][1][8][0][8][0][8][2][7][0][3]: 478632986676811
events[3][1][0][8][1][8][0][8][0][8][3][4]: 648129386987789
events[3][1][0][8][1][8][0][8][0][8][3][7][0][3]: 212996325180503
events[3][1][0][8][1][8][0][8][1][4]: 773796023167544
events[3][1][0][8][1][8][0][8][1][6][0][7]: 546832178992482
events[3][1][0][8][1][8][0][8][1][7][0][3]: 487610729100705
events[3][1][0][8][1][8][0][8][1][7][1][3]: 358415700372591
events[3][1][0][8][1][8][0][8][2][4]: 515912915733720
events[3][1][0][8][1][8][0][8][2][6][0][7]: 601676452844063
events[3][1][0][8][1][8][0][8][2][8][0][4]: 508861859708014
events[3][1][0][8][1][8][0][8][2][8][0][6][0][7]: 238434715945509
events[3][1][0][8][1][8][0][8][2][8][0][7][0][3]: 121857332304986
events[3][1][0][8][1][8][0][8][2][8][1][4]: 878806325642029
events[3][1][0][8][1][8][0][8][2][8][1][6][0][7]: 839161038808354
events[3][1][0][8][1][8][0][8][2][8][1][7][0][3]: 735297011388906
events[3][1][0][8][1][8][0][8][3][4]: 643441596738263
events[3][1][0][8][1][8][0][8][3][7][0][3]: 660318923846065
events[3][1][0][8][1][8][0][8][3][7][1][3]: 643964863830340
events[3][1][0][8][1][8][0][8][4][4]: 189516664794677
events[3][1][0][8][1][8][0][8][4][6][0][7]: 466117413246713
events[3][1][0][8][1][8][0][8][4][7][0][3]: 193263967168185
events[3][1][0][8][1][8][0][8][5][4]: 548899500801930
events[3][1][0][8][1][8][0][8][5][6][0][7]: 115796838551491
events[3][1][0][8][1][8][0][8][5][8][0][4]: 948440167087030
events[3][1][0][8][1][8][0][8][5][8][0][6][0][7]: 250822933362035
events[3][1][0][8][1][8][0][8][5][8][0][7][0][3]: 938352858683532
events[3][1][0][8][1][8][0][8][5][8][1][4]: 478169044845165
events[3][1][0][8][1][8][0][8][5][8][1][6][0][7]: 374715790541493
events[3][1][0][8][1][8][0][8][5][8][1][7][0][3]: 423718377554129
events[3][1][1][4]: 328088111874852
events[3][1][1][6][0][9][0][1][0]: 54
events[3][1][1][8][0][6]: 258897098053194
events[3][1][1][8][0][8]: 134
events[3][1][1][8][1][6]: 169106176535049
events[3][1][1][8][1][8]: 135
events[3][1][1][8][2][4]: 250080673082900
events[3][1][1][8][2][6][0][7]: 695323223995465
events[3][1][1][8][2][6][1][7]: 188094360638018
events[3][1][1][8][2][6][2][7]: 137866235502188
events[3][1][1][8][2][8][0][4]: 995465907177837
events[3][1][1][8][2][8][0][6][0][0]: 79
events[3][1][1][8][2][8][0][6][0][7]: 264098500573844
events[3][1][1][8][2][8][0][6][1][0]: 79
events[3][1][1][8][2][8][0][6][1][7]: 182298204320926
events[3][1][1][8][2][8][0][7][0][0]: 79
events[3][1][1][8][2][8][0][7][0][3]: 284626668038055
events[3][1][1][8][3][4]: 808409224722684
events[3][1][1][8][3][6][0][7]: 155632119156977
events[3][1][1][8][3][8][0][4]: 587646821595645
events[3][1][1][8][3][8][0][6][0][7]: 483917021481334
events[3][1][1][8][3][8][0][8][0][4]: 163969178336164
events[3][1][1][8][3][8][0][8][0][6][0][0]: 104
events[3][1][1][8][3][8][0][8][0][6][0][7]: 268484034340549
events[3][1][1][8][3][8][0][8][0][8][0][4]: 925439094113492
events[3][1][1][8][3][8][0][8][0][8][0][6][0][7]: 228827596455487
events[3][1][1][8][3][8][0][8][0][8][0][7][0][3]: 744089997877353
events[3][1][1][8][3][8][0][8][0][8][0][7][1][3]: 511673646787318
events[3][1][1][8][3][8][0][8][0][8][1][4]: 836218211623437
events[3][1][1][8][3][8][0][8][0][8][1][6][0][7]: 666305713279154
events[3][1][1][8][3][8][0][8][0][8][1][6][0][9][0][1][1][1]: 63
events[3][1][1][8][3][8][0][8][0][8][1][6][0][9][0][1][2][1]: 79
events[3][1][1][8][3][8][0][8][0][8][1][7][0][0]: 79
events[3][1][1][8][3][8][0][8][0][8][1][7][0][3]: 410987859426992
events[3][1][1][8][3][8][0][8][0][8][1][7][0][6][0][1][1][1]: 79
events[3][1][1][8][3][8][0][8][0][8][2][4]: 644514711852543
events[3][1][1][8][3][8][0][8][0][8][2][6][0][7]: 401359909829253
events[3][1][1][8][3][8][0][8][0][8][2][7][0][0]: 79
events[3][1][1][8][3][8][0][8][0][8][2][7][0][3]: 869730102293730
events[3][1][1][8][3][8][1][4]: 168263169358592
events[3][1][1][8][3][8][1][6][0][7]: 147641127091934
events[3][1][1][8][3][8][1][7][0][3]: 844721372806337
events[3][1][1][8][3][8][1][8][0][4]: 677554092047226
events[3][1][1][8][3][8][1][8][0][6][0][7]: 664426319526063
events[3][1][1][8][3][8][1][8][0][6][0][9][0][1][1][1]: 79
events[3][1][1][8][3][8][1][8][0][7][0][0]: 79
events[3][1][1][8][3][8][1][8][0][7][0][3]: 683232948477178
events[3][1][1][8][3][8][1][8][0][7][0][6][0][1][1][1]: 79
events[3][1][1][8][3][8][1][8][1][4]: 874131077407717
events[3][1][1][8][3][8][1][8][1][6][0][7]: 647189675264743
events[3][1][1][8][3][8][1][8][1][7][0][0]: 79
events[3][1][1][8][3][8][1][8][1][7][0][3]: 644514201596914
events[3][1][1][8][3][8][1][8][2][4]: 723290187441472
events[3][1][1][8][3][8][1][8][2][6][0][7]: 587557524643422
events[3][1][1][8][3][8][1][8][2][8][0][4]: 749220383786875
events[3][1][1][8][3][8][1][8][2][8][0][6][0][0]: 79
events[3][1][1][8][3][8][1][8][2][8][0][6][0][7]: 733806245329139
events[3][1][1][8][3][8][1][8][2][8][0][8][0][4]: 165302202249581
events[3][1][1][8][3][8][1][8][2][8][0][8][0][6][0][0]: 104
events[3][1][1][8][3][8][1][8][2][8][0][8][0][6][0][7]: 261741633434578
events[3][1][1][8][3][8][1][8][2][8][0][8][0][6][1][0]: 104
events[3][1][1][8][3][8][1][8][2][8][0][8][0][6][1][7]: 657158803807354
events[3][1][1][8][3][8][1][8][2][8][0][8][0][7][0][0]: 104
events[3][1][1][8][3][8][1][8][2][8][0][8][0][7][0][3]: 513710268825085
events[3][1][1][8][3][8][1][8][2][8][0][8][0][7][1][0]: 79
events[3][1][1][8][3][8][1][8][2][8][0][8][0][7][1][3]: 431171233604446
events[3][1][1][8][3][8][1][8][2][8][0][8][0][7][2][0]: 79
events[3][1][1][8][3][8][1][8][2][8][0][8][0][7][2][3]: 314863842592923
events[3][1][1][8][3][8][1][8][2][8][0][8][0][7][3][0]: 104
events[3][1][1][8][3][8][1][8][2][8][0][8][0][7][3][3]: 288058630485889
events[3][1][1][8][3][8][1][8][2][8][0][8][0][7][4][0]: 104
events[3][1][1][8][3][8][1][8][2][8][0][8][0][7][4][3]: 412223636349202
events[3][1][1][8][3][8][1][8][2][8][0][8][0][7][5][0]: 104
events[3][1][1][8][3][8][1][8][2][8][0][8][0][7][5][3]: 785549596471069
events[3][1][1][8][3][8][1][8][2][8][0][8][0][7][6][0]: 104
events[3][1][1][8][3][8][1][8][2][8][0][8][0][7][6][3]: 571894877470736
events[3][1][1][8][3][8][1][8][2][8][0][8][0][7][7][0]: 71
events[3][1][1][8][3][8][1][8][2][8][0][8][0][7][7][1]: 50
events[3][1][1][8][3][8][1][8][2][8][0][8][0][7][7][3]: 785707783074877
events[3][1][1][8][3][8][1][8][2][8][0][8][0][7][7][6][0][1]: 104
events[3][1][1][8][3][8][1][8][2][8][0][8][0][7][8][0]: 104
events[3][1][1][8][3][8][1][8][2][8][0][8][0][7][8][1]: 51
events[3][1][1][8][3][8][1][8][2][8][0][8][0][7][8][3]: 895139487371066
events[3][1][1][8][3][8][1][8][2][8][0][8][0][7][9][0]: 104
events[3][1][1][8][3][8][1][8][2][8][0][8][0][7][9][1]: 52
events[3][1][1][8][3][8][1][8][2][8][0][8][0][7][9][3]: 485824506502020
events[3][1][1][8][3][8][1][8][2][8][0][8][0][7][9][6][0][1][1][1]: 104
events[3][1][1][8][3][8][1][8][2][8][0][8][0][7][9][6][0][1][1][2]: 53
events[3][1][1][8][3][8][1][8][2][8][0][8][0][7][9][6][0][1][2][1]: 63
events[3][1][1][8][3][8][1][8][2][8][0][8][0][7][9][6][0][1][3][1]: 79
events[3][1][1][8][3][8][1][8][2][8][0][8][0][7][9][6][1][1][0]: 50
events[3][1][1][8][3][8][1][8][2][8][0][8][0][7][9][6][1][1][1][1]: 104
events[3][1][1][8][3][8][1][8][2][8][0][8][0][7][9][6][1][1][1][2]: 54
events[3][1][1][8][3][8][1][8][2][8][0][8][0][7][9][6][1][1][2][1]: 63
events[3][1][1][8][3][8][1][8][2][8][0][8][0][7][9][6][1][1][3][1]: 79
events[3][1][1][8][3][8][2][4]: 136111146499575
events[3][1][1][8][3][8][2][6][0][7]: 502637240139132
events[3][1][1][8][3][8][2][6][1][7]: 168593485998426
events[3][1][1][8][3][8][2][6][2][0]: 104
events[3][1][1][8][3][8][2][6][2][7]: 122503884817482
events[3][1][1][8][3][8][2][6][3][1]: 55
events[3][1][1][8][3][8][2][6][3][7]: 267476610283787
events[3][1][1][8][3][8][2][6][4][7]: 153107668432680
events[3][1][1][8][3][8][2][7][0][3]: 266289409562875
events[3][1][1][8][3][8][2][8][0][4]: 815483346185756
events[3][1][1][8][3][8][2][8][0][6][0][7]: 371606452883782
events[3][1][1][8][3][8][2][8][0][7][0][3]: 849033673828187
events[3][1][1][8][3][8][2][8][0][7][1][3]: 271504965740080
events[3][1][1][8][3][8][2][8][0][7][2][1]: 51
events[3][1][1][8][3][8][2][8][0][7][2][3]: 946844064214185
events[3][1][1][8][3][8][2][8][0][8][0][4]: 821112444575981
events[3][1][1][8][3][8][2][8][0][8][0][6][0][7]: 456500779545655
events[3][1][1][8][3][8][2][8][0][8][0][7][0][3]: 428493617417385
events[3][1][1][8][3][8][2][8][0][8][0][7][1][1]: 52
events[3][1][1][8][3][8][2][8][0][8][0][7][1][3]: 859656404092811
events[3][1][1][8][3][8][2][8][0][8][0][7][2][3]: 766593886683293
events[3][1][1][8][3][8][2][8][0][8][1][4]: 673186932767106
events[3][1][1][8][3][8][2][8][0][8][1][6][0][7]: 542492939839200
events[3][1][1][8][3][8][2][8][0][8][1][7][0][3]: 950014336119947
events[3][1][1][8][3][8][2][8][0][8][1][7][0][6][1][1][1][2]: 53
events[3][1][1][8][3][8][2][8][0][8][2][4]: 609833291200174
events[3][1][1][8][3][8][2][8][0][8][2][6][0][7]: 136608254466957
events[3][1][1][8][3][8][2][8][0][8][2][7][0][3]: 955629970133300
events[3][1][1][8][3][8][2][8][0][8][2][7][0][6][1][1][1][2]: 53
events[3][1][2][4]: 106983606142062
events[3][1][2][6][0][9][0][1][0]: 55
events[3][1][2][8][0][4]: 546688611264073
events[3][1][2][8][0][6][0][7]: 512926383441161
events[3][1][2][8][0][8][0][4]: 504912679665596
events[3][1][2][8][0][8][0][6][0][7]: 504820798335188
events[3][1][2][8][0][8][0][7][0][3]: 343540302384529
events[3][1][2][8][0][8][1][4]: 378592349055349
events[3][1][2][8][0][8][1][6][0][7]: 656390461676614
events[3][1][2][8][0][8][1][7][0][3]: 670363323558435
events[3][1][2][8][0][8][2][4]: 406616723193121
events[3][1][2][8][0][8][2][6][0][7]: 458496925526637
events[3][1][2][8][0][8][2][7][0][3]: 748427813934983
events[3][1][2][8][0][8][3][4]: 196099769209473
events[3][1][2][8][0][8][3][6][0][7]: 922370432959467
events[3][1][2][8][0][8][3][7][0][3]: 207846058647956
events[3][1][2][8][1][4]: 796610601175795
events[3][1][2][8][1][6][0][7]: 597255414032559
events[3][1][2][8][1][7][0][1]: 56
events[3][1][2][8][1][7][0][3]: 560776763280978
events[3][1][2][8][1][7][1][1]: 57
events[3][1][2][8][1][7][1][3]: 368465241902002
events[3][1][2][8][1][7][1][6][0][1][1][1]: 58
events[3][1][2][8][1][7][1][6][0][1][2][1]: 59
events[3][1][2][8][1][7][1][6][0][1][3][2]: 54
events[3][1][2][8][1][7][1][6][0][1][4][2]: 54
events[3][1][3][4]: 952809326130602
events[3][1][3][6][0][9][0][1][0]: 56
events[3][1][3][8][0][4]: 556492734561968
events[3][1][3][8][0][7][0][0]: 79
events[3][1][3][8][0][7][0][1]: 60
events[3][1][3][8][0][7][0][3]: 675360705782224
events[3][1][3][8][1][4]: 733456178878363
events[3][1][3][8][1][5]: 50
events[3][1][3][8][1][7][0][0]: 82
events[3][1][3][8][1][7][0][1]: 60
events[3][1][3][8][1][7][0][3]: 353959590790470
events[3][1][3][8][1][7][0][6][0][1][1][1]: 79
events[3][1][3][8][1][7][0][6][1][1][1][1]: 79
events[3][1][3][8][2][4]: 790239307998432
events[3][1][3][8][2][5]: 51
events[3][1][3][8][2][6][0][7]: 979760722590088
events[3][1][3][8][2][8][0][4]: 896176965076810
events[3][1][3][8][2][8][0][5]: 52
events[3][1][3][8][2][8][0][6][0][0]: 104
events[3][1][3][8][2][8][0][6][0][1]: 61
events[3][1][3][8][2][8][0][6][0][7]: 202857020708835
events[3][1][3][8][2][8][0][6][0][9][0][1]: 82
events[3][1][3][8][2][8][0][6][1][0]: 104
events[3][1][3][8][2][8][0][6][1][7]: 792930355030916
events[3][1][3][8][2][8][0][6][2][0]: 104
events[3][1][3][8][2][8][0][6][2][7]: 207174833468275
events[3][1][3][8][2][8][0][7][0][1]: 62
events[3][1][3][8][2][8][0][7][0][3]: 918286108949089
events[3][1][3][8][2][8][0][7][0][6][1][1]: 79
events[3][1][3][8][2][8][0][7][1][0]: 104
events[3][1][3][8][2][8][0][7][1][3]: 660143972673708
events[3][1][3][8][2][8][0][7][2][0]: 104
events[3][1][3][8][2][8][0][7][2][3]: 437923124741685
events[3][1][3][8][2][8][0][7][3][0]: 104
events[3][1][3][8][2][8][0][7][3][3]: 626931742778200
events[3][1][3][8][2][8][1][4]: 646285874160606
events[3][1][3][8][2][8][1][5]: 53
events[3][1][3][8][2][8][1][6][0][0]: 104
events[3][1][3][8][2][8][1][6][0][7]: 443437205469246
events[3][1][3][8][2][8][1][6][1][0]: 104
events[3][1][3][8][2][8][1][6][1][7]: 460938032470003
events[3][1][3][8][2][8][1][6][2][0]: 104
events[3][1][3][8][2][8][1][6][2][7]: 898424965811047
events[3][1][3][8][2][8][1][7][0][0]: 104
events[3][1][3][8][2][8][1][7][0][1]: 60
events[3][1][3][8][2][8][1][7][0][3]: 134748000147460
events[3][1][3][8][2][8][1][7][0][6][0][1][1][1]: 104
events[3][1][3][8][2][8][1][7][0][6][0][1][1][2]: 53
events[3][1][3][8][2][8][1][7][0][6][0][1][2][1]: 79
events[3][1][3][8][2][8][1][7][0][6][1][1][1][1]: 104
events[3][1][3][8][2][8][1][7][0][6][1][1][1][2]: 54
events[3][1][3][8][2][8][1][7][0][6][1][1][2][1]: 79
events[3][1][3][8][2][8][2][4]: 118153654464955
events[3][1][3][8][2][8][2][5]: 54
events[3][1][3][8][2][8][2][6][0][0]: 104
events[3][1][3][8][2][8][2][6][0][7]: 379667643660713
events[3][1][3][8][2][8][2][6][1][0]: 104
events[3][1][3][8][2][8][2][6][1][7]: 491993518180629
events[3][1][3][8][2][8][2][7][0][0]: 104
events[3][1][3][8][2][8][2][7][0][1]: 60
events[3][1][3][8][2][8][2][7][0][3]: 663680320095574
events[3][1][3][8][2][8][2][7][0][6][0][1][1][1]: 79
events[3][1][3][8][2][8][2][7][0][6][1][1][1][1]: 79
events[3][1][3][8][2][8][2][7][1][1]: 60
events[3][1][3][8][2][8][2][7][1][3]: 728678530164018
events[3][1][3][8][2][8][2][7][1][6][0][1][1][1]: 79
events[3][1][3][8][2][8][2][7][1][6][1][1][1][1]: 79
events[3][1][3][8][2][8][3][4]: 535928598088695
events[3][1][3][8][2][8][3][5]: 55
events[3][1][3][8][2][8][3][6][0][0]: 79
events[3][1][3][8][2][8][3][6][0][1]: 61
events[3][1][3][8][2][8][3][6][0][7]: 589756773796649
events[3][1][3][8][2][8][3][6][0][9][0][1]: 104
events[3][1][3][8][2][8][3][6][1][0]: 104
events[3][1][3][8][2][8][3][6][1][7]: 606675499182120
events[3][1][3][8][2][8][3][7][0][3]: 883827029562694
events[3][1][3][8][2][8][3][7][1][0]: 104
events[3][1][3][8][2][8][3][7][1][3]: 549675350823332
events[3][1][3][8][2][8][3][7][2][1]: 62
events[3][1][3][8][2][8][3][7][2][3]: 661580449450826
events[3][1][3][8][2][8][3][7][2][6][1][1]: 79
events[3][1][3][8][2][8][3][7][3][0]: 104
events[3][1][3][8][2][8][3][7][3][3]: 382519514038516
events[3][1][3][8][2][8][3][7][4][0]: 104
events[3][1][3][8][2][8][3][7][4][3]: 762986344062711
events[3][1][3][8][2][8][3][7][5][0]: 79
events[3][1][3][8][2][8][3][7][5][3]: 744141565659570
events[4][1][0][3]: 150
events[4][1][0][6]: 262420649510634
events[4][1][0][8]: 136
events[4][1][1][3]: 100
events[4][1][1][6]: 455877582027442
events[4][1][1][8]: 137
events[4][1][2][3]: 200
events[4][1][2][6]: 412696536558178
events[4][1][2][8]: 138
events[4][1][3][6]: 730424728310926
events[4][1][3][8]: 139
events[4][1][4][6]: 385934528122174
events[4][1][4][8]: 140
events[4][1][5][6]: 308680730337585
events[4][1][5][8]: 141
events[4][1][6][6]: 284675396607854
events[4][1][6][8]: 142
events[4][1][7][6]: 870248114194364
events[4][1][7][8]: 143
events[4][1][8][6]: 336820796057693
events[4][1][8][8]: 144
events[4][1][9][6]: 727009003176844
events[4][1][9][8]: 145
events[4][1][10][6]: 174118167449135
events[4][1][10][8]: 146
events[4][1][11][6]: 462466925293457
events[4][1][11][8]: 147
events[4][1][21][4]: 454542165934448
events[4][1][21][6][0][9][0][1][0]: 57
events[4][1][21][8][0][4]: 748965599500532
events[4][1][21][8][0][6][0][0]: 104
events[4][1][21][8][0][6][0][1]: 64
events[4][1][21][8][0][6][0][7]: 358638147359249
events[4][1][21][8][0][7][0][0]: 104
events[4][1][21][8][0][7][0][3]: 804969139367524
events[4][1][21][8][0][7][1][0]: 104
events[4][1][21][8][0][7][1][1]: 65
events[4][1][21][8][0][7][1][3]: 819823983412470
events[4][1][21][8][1][4]: 769237520676871
events[4][1][21][8][1][6][0][7]: 988077025203488
events[4][1][21][8][1][7][0][0]: 71
events[4][1][21][8][1][7][0][1]: 50
events[4][1][21][8][1][7][0][3]: 879836956180413
events[4][1][21][8][1][7][0][6][0][1]: 100
events[4][1][21][8][1][7][1][0]: 73
events[4][1][21][8][1][7][1][1]: 50
events[4][1][21][8][1][7][1][3]: 170308509430797
events[4][1][21][8][1][7][1][6][0][1]: 100
events[4][1][21][8][1][7][2][1]: 66
events[4][1][21][8][1][7][2][3]: 123662435707766
events[4][1][21][8][1][7][3][1]: 67
events[4][1][21][8][1][7][3][3]: 604025613043937
events[4][1][21][8][1][7][4][0]: 94
events[4][1][21][8][1][7][4][1]: 50
events[4][1][21][8][1][7][4][3]: 920607546042681
events[4][1][21][8][1][7][4][6][0][1]: 100
events[4][1][21][8][2][4]: 927581621229089
events[4][1][21][8][2][7][0][0]: 104
events[4][1][21][8][2][7][0][3]: 445610481055705
events[4][1][21][8][2][7][0][6][0][1][0]: 58
events[4][1][21][8][2][7][0][6][0][1][1][1]: 104
events[4][1][21][8][2][7][1][0]: 104
events[4][1][21][8][2][7][1][1]: 52
events[4][1][21][8][2][7][1][3]: 274663613483719
events[4][1][21][8][2][7][1][6][0][1][0]: 59
events[4][1][21][8][2][7][1][6][0][1][1][1]: 104
events[4][1][21][8][2][7][1][6][1][1][0]: 59
events[4][1][21][8][2][7][1][6][1][1][1][1]: 104
events[4][1][21][8][2][7][1][6][1][1][1][3]: 68
events[4][1][21][8][2][7][2][1]: 56
events[4][1][21][8][2][7][2][3]: 596792705290264
events[4][1][21][8][2][7][2][6][0][1][1][1]: 104
events[4][1][21][8][2][7][2][6][0][1][1][2]: 53
events[4][1][21][8][2][7][3][1]: 57
events[4][1][21][8][2][7][3][3]: 356070430853228
events[4][1][21][8][2][7][3][6][0][1][0]: 60
events[4][1][21][8][2][7][3][6][0][1][1][1]: 59
events[4][1][21][8][2][7][3][6][0][1][2][1]: 104
events[4][1][21][8][2][7][3][6][0][1][3][2]: 54
events[4][1][21][8][2][7][3][6][0][1][4][1]: 104
events[4][1][21][8][2][7][3][6][0][1][4][2]: 54
events[4][1][21][8][2][7][4][1]: 69
events[4][1][21][8][2][7][4][3]: 359572097829569
events[4][1][21][8][2][7][4][6][0][1][0]: 61
events[4][1][21][8][2][7][4][6][0][1][1][1]: 58
events[4][1][21][8][2][7][4][6][0][1][2][1]: 104
events[4][1][21][8][2][7][4][6][0][1][3][2]: 70
events[4][1][21][8][3][4]: 243584165705535
events[4][1][21][8][3][6][0][7]: 117985175102009
events[4][1][21][8][3][6][0][9][1][1][0]: 62
events[4][1][21][8][3][6][1][7]: 958475869700102
events[4][1][21][8][3][6][1][9][1][1][0]: 63
events[4][1][21][8][3][8][0][4]: 891457319550746
events[4][1][21][8][3][8][0][6][0][7]: 130359234477555
events[4][1][21][8][3][8][0][6][1][7]: 316749480334906
events[4][1][21][8][3][8][0][7][0][3]: 326073771972682
events[4][1][21][8][3][8][0][7][1][3]: 346581081803920
events[4][1][21][8][3][8][0][7][2][1]: 71
events[4][1][21][8][3][8][0][7][2][3]: 872302010874392
events[4][1][21][8][3][8][0][7][3][3]: 145188303819663
events[4][1][21][8][3][8][0][7][4][1]: 72
events[4][1][21][8][3][8][0][7][4][3]: 612588819927489
events[4][1][21][8][3][8][0][7][5][1]: 73
events[4][1][21][8][3][8][0][7][5][3]: 481608076868751
events[4][1][21][8][3][8][0][7][5][6][2][1][0]: 64
events[4][1][21][8][3][8][0][7][5][6][3][1][0]: 65
events[4][1][21][8][3][8][0][7][6][1]: 74
events[4][1][21][8][3][8][0][7][6][3]: 971518732912488
events[4][1][21][8][3][8][0][7][7][1]: 75
events[4][1][21][8][3][8][0][7][7][3]: 316532482990155
events[4][1][21][8][4][4]: 638899801020166
events[4][1][21][8][4][7][0][1]: 60
events[4][1][21][8][4][7][0][3]: 270838109396173
events[4][1][21][8][4][7][0][6][0][1][1][1]: 104
events[4][1][21][8][4][7][0][6][0][1][1][2]: 53
events[4][1][21][8][4][7][0][6][1][1][1][1]: 104
events[4][1][21][8][4][7][0][6][1][1][1][2]: 54
events[4][1][21][8][4][7][1][3]: 953535482032517
events[4][1][21][8][4][7][1][6][0][1][1][1]: 104
events[4][1][21][8][5][4]: 620143578555223
events[4][1][21][8][5][6][0][0]: 104
events[4][1][21][8][5][6][0][1]: 76
events[4][1][21][8][5][6][0][7]: 387593505891564
events[4][1][21][8][5][7][0][0]: 71
events[4][1][21][8][5][7][0][1]: 50
events[4][1][21][8][5][7][0][3]: 823327589754912
events[4][1][21][8][5][7][0][6][0][1]: 104
events[4][1][21][8][5][7][1][0]: 73
events[4][1][21][8][5][7][1][1]: 50
events[4][1][21][8][5][7][1][3]: 469453256163084
events[4][1][21][8][5][7][1][6][0][1]: 104
events[4][1][21][8][6][4]: 147235815529802
events[4][1][21][8][6][6][0][0]: 104
events[4][1][21][8][6][6][0][1]: 61
events[4][1][21][8][6][6][0][7]: 192604190711435
events[4][1][21][8][6][6][0][9][0][1]: 83
events[4][1][21][8][6][6][1][0]: 104
events[4][1][21][8][6][6][1][7]: 923312611904160
events[4][1][21][8][6][7][0][1]: 62
events[4][1][21][8][6][7][0][3]: 485826222007993
events[4][1][21][8][6][7][0][6][1][1]: 86
events[4][1][21][8][7][4]: 442781429105129
events[4][1][21][8][7][6][0][0]: 104
events[4][1][21][8][7][6][0][1]: 64
events[4][1][21][8][7][6][0][7]: 965218194654100
events[4][1][21][8][7][7][0][0]: 87
events[4][1][21][8][7][7][0][1]: 60
events[4][1][21][8][7][7][0][3]: 666593784352349
events[4][1][21][8][7][7][0][6][0][1][1][1]: 104
events[4][1][21][8][7][7][0][6][0][1][1][2]: 53
events[4][1][21][8][7][7][0][6][1][1][1][1]: 104
events[4][1][21][8][7][7][0][6][1][1][1][2]: 54
events[4][1][21][8][7][7][1][0]: 87
events[4][1][21][8][7][7][1][1]: 77
events[4][1][21][8][7][7][1][3]: 283289265884823
events[4][1][21][8][7][7][1][6][0][1]: 104
events[4][1][21][8][7][7][2][0]: 87
events[4][1][21][8][7][7][2][1]: 78
events[4][1][21][8][7][7][2][3]: 111084661962837
events[4][1][21][8][7][7][2][6][0][1][0]: 66
events[4][1][21][8][7][7][2][6][0][1][1][1]: 104
events[4][1][21][8][7][7][2][6][0][1][1][2]: 79
events[4][1][21][8][7][7][2][6][1][1][0]: 66
events[4][1][21][8][7][7][2][6][1][1][1][1]: 104
events[4][1][21][8][7][7][2][6][1][1][1][2]: 80
events[4][1][21][8][8][4]: 767087364179981
events[4][1][21][8][8][6][0][1]: 61
events[4][1][21][8][8][6][0][7]: 938156651784956
events[4][1][21][8][8][6][1][7]: 818551495792368
events[4][1][21][8][8][6][1][9][1][1][0]: 67
events[4][1][21][8][8][6][2][7]: 214833666395041
events[4][1][21][8][8][6][2][9][1][1][0]: 68
events[4][1][21][8][8][6][3][7]: 286183233879412
events[4][1][21][8][8][7][0][3]: 982507160401818
events[4][1][21][8][8][7][1][1]: 73
events[4][1][21][8][8][7][1][3]: 563551713421482
events[4][1][21][8][8][7][1][6][2][1][0]: 69
events[4][1][21][8][8][7][1][6][3][1][0]: 65
events[4][1][21][8][9][4]: 159822232518893
events[4][1][21][8][9][6][0][0]: 98
events[4][1][21][8][9][6][0][1]: 64
events[4][1][21][8][9][6][0][7]: 221252932351162
events[4][1][21][8][9][7][0][0]: 98
events[4][1][21][8][9][7][0][1]: 81
events[4][1][21][8][9][7][0][3]: 828646149482646
events[4][1][21][8][9][7][0][6][0][1][0]: 70
events[4][1][21][8][9][7][0][6][0][1][1][1]: 98
events[4][1][21][8][9][7][0][6][0][1][2][1]: 98
events[4][1][21][8][9][7][0][6][0][1][2][3]: 82
events[4][1][22][4]: 139851924359325
events[4][1][22][6][0][9][0][1][0]: 71
events[4][1][22][8][0][3]: 50
events[4][1][22][8][0][6]: 489145114841833
events[4][1][22][8][0][8]: 148
events[4][1][22][8][1][3]: 150
events[4][1][22][8][1][6]: 589534603444800
events[4][1][22][8][1][8]: 149
events[4][1][22][8][2][4]: 546341842361063
events[4][1][22][8][2][7][0][1]: 52
events[4][1][22][8][2][7][0][3]: 749691576179614
events[4][1][22][8][2][7][0][6][0][1][0]: 72
events[4][1][22][8][2][7][0][6][1][1][0]: 73
events[4][1][22][8][2][7][0][6][1][1][1][3]: 68
events[4][1][22][8][2][7][1][3]: 757988408341402
events[4][1][22][8][2][7][1][6][0][1][0]: 72
events[4][1][22][8][2][7][1][6][0][1][1][3]: 83
events[4][1][22][8][2][7][2][1]: 52
events[4][1][22][8][2][7][2][3]: 588006708744000
events[4][1][22][8][2][7][2][6][0][1][0]: 72
events[4][1][22][8][2][7][2][6][1][1][0]: 73
events[4][1][22][8][2][7][2][6][1][1][1][3]: 68
events[4][1][22][8][2][7][3][3]: 361498413256843
events[4][1][22][8][2][7][3][6][0][1][0]: 72
events[4][1][22][8][2][7][3][6][0][1][1][3]: 83
events[4][1][22][8][2][7][4][1]: 52
events[4][1][22][8][2][7][4][3]: 788065960933346
events[4][1][22][8][2][7][4][6][0][1][0]: 72
events[4][1][22][8][2][7][4][6][1][1][0]: 73
events[4][1][22][8][2][7][4][6][1][1][1][3]: 68
events[4][1][22][8][2][7][5][3]: 227618663280438
events[4][1][22][8][2][7][5][6][0][1][0]: 72
events[4][1][22][8][2][7][5][6][0][1][1][3]: 83
events[4][1][22][8][2][7][6][1]: 52
events[4][1][22][8][2][7][6][3]: 621443015591542
events[4][1][22][8][2][7][6][6][0][1][0]: 72
events[4][1][22][8][2][7][6][6][1][1][0]: 73
events[4][1][22][8][2][7][6][6][1][1][1][3]: 68
events[4][1][22][8][2][7][7][3]: 566129870658906
events[4][1][22][8][2][7][7][6][0][1][0]: 72
events[4][1][22][8][2][7][7][6][0][1][1][3]: 83
events[4][1][22][8][3][4]: 764559672536153
events[4][1][22][8][3][8][0][4]: 649165148488414
events[4][1][22][8][3][8][0][6][0][1]: 61
events[4][1][22][8][3][8][0][6][0][7]: 669378000286177
events[4][1][22][8][3][8][0][8][0][6]: 290626903247623
events[4][1][22][8][3][8][0][8][0][8]: 150
events[4][1][22][8][3][8][0][8][1][4]: 792380901369929
events[4][1][22][8][3][8][0][8][1][7][0][3]: 477444876768768
events[4][1][22][8][3][8][0][8][1][7][0][6][1][1][0]: 74
events[4][1][22][8][3][8][0][8][1][7][0][6][1][1][1][3]: 83
events[4][1][22][8][3][8][0][8][1][7][1][3]: 521894922733557
events[4][1][22][8][3][8][0][8][1][7][1][6][1][1][0]: 75
events[4][1][22][8][3][8][0][8][1][7][1][6][1][1][2][3]: 83
events[4][1][22][8][3][8][0][8][1][7][2][3]: 494000365314138
events[4][1][22][8][3][8][0][8][1][7][2][6][1][1][0]: 76
events[4][1][22][8][3][8][0][8][1][7][3][1]: 52
events[4][1][22][8][3][8][0][8][1][7][3][3]: 708586049088608
events[4][1][22][8][3][8][0][8][1][7][3][6][0][1][0]: 77
events[4][1][22][8][3][8][0][8][1][7][3][6][1][1][0]: 77
events[4][1][22][8][3][8][0][8][1][7][3][6][1][1][1][3]: 68
events[4][1][22][8][3][8][0][8][1][7][4][1]: 52
events[4][1][22][8][3][8][0][8][1][7][4][3]: 228023395905618
events[4][1][22][8][3][8][0][8][1][7][4][6][0][1][0]: 77
events[4][1][22][8][3][8][0][8][1][7][4][6][1][1][0]: 77
events[4][1][22][8][3][8][0][8][1][7][4][6][1][1][1][3]: 68
events[4][1][22][8][3][8][1][4]: 359736984035386
events[4][1][22][8][3][8][1][6][0][1]: 61
events[4][1][22][8][3][8][1][6][0][7]: 544008618561654
events[4][1][22][8][3][8][1][8][0][6]: 193875416518660
events[4][1][22][8][3][8][1][8][0][8]: 150
events[4][1][22][8][3][8][1][8][1][4]: 896025223566591
events[4][1][22][8][3][8][1][8][1][7][0][3]: 691864268654356
events[4][1][22][8][3][8][1][8][1][7][0][6][1][1][0]: 74
events[4][1][22][8][3][8][1][8][1][7][0][6][1][1][1][3]: 83
events[4][1][22][8][3][8][1][8][1][7][1][3]: 471855662647100
events[4][1][22][8][3][8][1][8][1][7][1][6][1][1][0]: 75
events[4][1][22][8][3][8][1][8][1][7][1][6][1][1][2][3]: 83
events[4][1][22][8][3][8][1][8][1][7][2][3]: 147075110454356
events[4][1][22][8][3][8][1][8][1][7][2][6][1][1][0]: 76
events[4][1][22][8][3][8][1][8][1][7][3][1]: 52
events[4][1][22][8][3][8][1][8][1][7][3][3]: 251375527364492
events[4][1][22][8][3][8][1][8][1][7][3][6][0][1][0]: 77
events[4][1][22][8][3][8][1][8][1][7][3][6][1][1][0]: 77
events[4][1][22][8][3][8][1][8][1][7][3][6][1][1][1][3]: 68
events[4][1][22][8][3][8][1][8][1][7][4][1]: 52
events[4][1][22][8][3][8][1][8][1][7][4][3]: 117116141210400
events[4][1][22][8][3][8][1][8][1][7][4][6][0][1][0]: 77
events[4][1][22][8][3][8][1][8][1][7][4][6][1][1][0]: 77
events[4][1][22][8][3][8][1][8][1][7][4][6][1][1][1][3]: 68
events[4][1][22][8][3][8][2][4]: 118008491218958
events[4][1][22][8][3][8][2][6][0][1]: 61
events[4][1][22][8][3][8][2][6][0][7]: 463255797017807
events[4][1][22][8][3][8][2][8][0][6]: 231170202127439
events[4][1][22][8][3][8][2][8][0][8]: 150
events[4][1][22][8][3][8][2][8][1][4]: 230766485872433
events[4][1][22][8][3][8][2][8][1][7][0][3]: 323138329905948
events[4][1][22][8][3][8][2][8][1][7][0][6][1][1][0]: 74
events[4][1][22][8][3][8][2][8][1][7][0][6][1][1][1][3]: 83
events[4][1][22][8][3][8][2][8][1][7][1][3]: 807758633062506
events[4][1][22][8][3][8][2][8][1][7][1][6][1][1][0]: 75
events[4][1][22][8][3][8][2][8][1][7][1][6][1][1][2][3]: 83
events[4][1][22][8][3][8][2][8][1][7][2][3]: 604970296252191
events[4][1][22][8][3][8][2][8][1][7][2][6][1][1][0]: 76
events[4][1][22][8][3][8][2][8][1][7][3][1]: 52
events[4][1][22][8][3][8][2][8][1][7][3][3]: 724982096277108
events[4][1][22][8][3][8][2][8][1][7][3][6][0][1][0]: 77
events[4][1][22][8][3][8][2][8][1][7][3][6][1][1][0]: 77
events[4][1][22][8][3][8][2][8][1][7][3][6][1][1][1][3]: 68
events[4][1][22][8][3][8][2][8][1][7][4][1]: 52
events[4][1][22][8][3][8][2][8][1][7][4][3]: 769547343347752
events[4][1][22][8][3][8][2][8][1][7][4][6][0][1][0]: 77
events[4][1][22][8][3][8][2][8][1][7][4][6][1][1][0]: 77
events[4][1][22][8][3][8][2][8][1][7][4][6][1][1][1][3]: 68
events[4][1][22][8][4][4]: 593021529484234
events[4][1][22][8][4][8][0][4]: 784980221885662
events[4][1][22][8][4][8][0][6][0][1]: 61
events[4][1][22][8][4][8][0][6][0][7]: 352941293931319
events[4][1][22][8][4][8][0][8][0][6]: 913875994158992
events[4][1][22][8][4][8][0][8][0][8]: 150
events[4][1][22][8][4][8][0][8][1][4]: 724464603753115
events[4][1][22][8][4][8][0][8][1][7][0][3]: 849987530717353
events[4][1][22][8][4][8][0][8][1][7][0][6][1][1][0]: 74
events[4][1][22][8][4][8][0][8][1][7][0][6][1][1][1][3]: 83
events[4][1][22][8][4][8][0][8][1][7][1][3]: 195032420197021
events[4][1][22][8][4][8][0][8][1][7][1][6][1][1][0]: 75
events[4][1][22][8][4][8][0][8][1][7][1][6][1][1][2][3]: 83
events[4][1][22][8][4][8][0][8][1][7][2][3]: 306840286070956
events[4][1][22][8][4][8][0][8][1][7][2][6][1][1][0]: 76
events[4][1][22][8][4][8][0][8][1][7][3][1]: 52
events[4][1][22][8][4][8][0][8][1][7][3][3]: 360984386558787
events[4][1][22][8][4][8][0][8][1][7][3][6][0][1][0]: 77
events[4][1][22][8][4][8][0][8][1][7][3][6][1][1][0]: 77
events[4][1][22][8][4][8][0][8][1][7][3][6][1][1][1][3]: 68
events[4][1][22][8][4][8][0][8][1][7][4][1]: 52
events[4][1][22][8][4][8][0][8][1][7][4][3]: 102180975409218
events[4][1][22][8][4][8][0][8][1][7][4][6][0][1][0]: 77
events[4][1][22][8][4][8][0][8][1][7][4][6][1][1][0]: 77
events[4][1][22][8][4][8][0][8][1][7][4][6][1][1][1][3]: 68
events[4][1][22][8][4][8][1][4]: 250125150285679
events[4][1][22][8][4][8][1][6][0][1]: 61
events[4][1][22][8][4][8][1][6][0][7]: 101688001442265
events[4][1][22][8][4][8][1][8][0][6]: 604495911950215
events[4][1][22][8][4][8][1][8][0][8]: 150
events[4][1][22][8][4][8][1][8][1][4]: 322567800238941
events[4][1][22][8][4][8][1][8][1][7][0][3]: 741959291459376
events[4][1][22][8][4][8][1][8][1][7][0][6][1][1][0]: 74
events[4][1][22][8][4][8][1][8][1][7][0][6][1][1][1][3]: 83
events[4][1][22][8][4][8][1][8][1][7][1][3]: 159100724914609
events[4][1][22][8][4][8][1][8][1][7][1][6][1][1][0]: 75
events[4][1][22][8][4][8][1][8][1][7][1][6][1][1][2][3]: 83
events[4][1][22][8][4][8][1][8][1][7][2][3]: 414363731738686
events[4][1][22][8][4][8][1][8][1][7][2][6][1][1][0]: 76
events[4][1][22][8][4][8][1][8][1][7][3][1]: 52
events[4][1][22][8][4][8][1][8][1][7][3][3]: 453572884687045
events[4][1][22][8][4][8][1][8][1][7][3][6][0][1][0]: 77
events[4][1][22][8][4][8][1][8][1][7][3][6][1][1][0]: 77
events[4][1][22][8][4][8][1][8][1][7][3][6][1][1][1][3]: 68
events[4][1][22][8][4][8][1][8][1][7][4][1]: 52
events[4][1][22][8][4][8][1][8][1][7][4][3]: 589389602696581
events[4][1][22][8][4][8][1][8][1][7][4][6][0][1][0]: 77
events[4][1][22][8][4][8][1][8][1][7][4][6][1][1][0]: 77
events[4][1][22][8][4][8][1][8][1][7][4][6][1][1][1][3]: 68
events[4][1][22][8][5][4]: 367826469323220
events[4][1][22][8][5][8][0][4]: 481706574538012
events[4][1][22][8][5][8][0][6][0][1]: 61
events[4][1][22][8][5][8][0][6][0][7]: 670287400420005
events[4][1][22][8][5][8][0][8][0][6]: 238298718108021
events[4][1][22][8][5][8][0][8][0][8]: 150
events[4][1][22][8][5][8][0][8][1][4]: 318038229537712
events[4][1][22][8][5][8][0][8][1][7][0][3]: 170133198177953
events[4][1][22][8][5][8][0][8][1][7][0][6][1][1][0]: 74
events[4][1][22][8][5][8][0][8][1][7][0][6][1][1][1][3]: 83
events[4][1][22][8][5][8][0][8][1][7][1][3]: 350545842241996
events[4][1][22][8][5][8][0][8][1][7][1][6][1][1][0]: 75
events[4][1][22][8][5][8][0][8][1][7][1][6][1][1][2][3]: 83
events[4][1][22][8][5][8][0][8][1][7][2][3]: 660312882184017
events[4][1][22][8][5][8][0][8][1][7][2][6][1][1][0]: 76
events[4][1][22][8][5][8][0][8][1][7][3][1]: 52
events[4][1][22][8][5][8][0][8][1][7][3][3]: 621455381407302
events[4][1][22][8][5][8][0][8][1][7][3][6][0][1][0]: 77
events[4][1][22][8][5][8][0][8][1][7][3][6][1][1][0]: 77
events[4][1][22][8][5][8][0][8][1][7][3][6][1][1][1][3]: 68
events[4][1][22][8][5][8][0][8][1][7][4][1]: 52
events[4][1][22][8][5][8][0][8][1][7][4][3]: 926942943544434
events[4][1][22][8][5][8][0][8][1][7][4][6][0][1][0]: 77
events[4][1][22][8][5][8][0][8][1][7][4][6][1][1][0]: 77
events[4][1][22][8][5][8][0][8][1][7][4][6][1][1][1][3]: 68
events[4][1][23][4]: 210125335228410
events[4][1][23][6][0][9][0][1][0]: 78
events[4][1][23][8][0][6]: 516198035145613
events[4][1][23][8][0][8]: 151
events[4][1][23][8][1][6]: 542089088464799
events[4][1][23][8][1][8]: 152
events[4][1][23][8][2][6]: 711866737370731
events[4][1][23][8][2][8]: 153
events[4][1][23][8][3][6]: 909866977618611
events[4][1][23][8][3][8]: 154
events[4][1][23][8][4][4]: 788476075180245
events[4][1][23][8][4][6][0][1]: 84
events[4][1][23][8][4][6][0][7]: 201631641605024
events[4][1][23][8][4][6][1][7]: 341041810547514
events[4][1][23][8][4][7][0][1]: 74
events[4][1][23][8][4][7][0][3]: 600034509341516
events[4][1][23][8][4][7][1][0]: 93
events[4][1][23][8][4][7][1][1]: 85
events[4][1][23][8][4][7][1][3]: 978753164665906
events[4][1][23][8][4][7][1][6][0][1][0]: 79
events[4][1][23][8][4][7][1][6][0][1][1][1]: 86
events[4][1][23][8][4][7][2][0]: 102
events[4][1][23][8][4][7][2][1]: 87
events[4][1][23][8][4][7][2][3]: 341162035703439
events[4][1][23][8][4][7][2][6][0][1][0]: 80
events[4][1][23][8][4][7][2][6][0][1][1][1]: 88
events[4][1][23][8][4][7][2][6][0][1][2][1]: 89
events[4][1][23][8][4][7][3][0]: 106
events[4][1][23][8][4][7][3][1]: 90
events[4][1][23][8][4][7][3][3]: 158912024253947
events[4][1][23][8][4][7][3][6][0][1][0]: 81
events[4][1][23][8][4][7][3][6][0][1][1][1]: 91
events[4][1][23][8][4][7][3][6][0][1][2][1]: 106
events[4][1][23][8][4][7][3][6][0][1][2][2]: 92
events[4][1][23][8][4][7][4][0]: 102
events[4][1][23][8][4][7][4][1]: 93
events[4][1][23][8][4][7][4][3]: 440498146771015
events[4][1][23][8][4][7][4][6][0][1][0]: 82
events[4][1][23][8][4][7][4][6][0][1][1][1]: 89
events[4][1][23][8][5][4]: 529420948329690
events[4][1][23][8][5][6][0][7]: 403875869662032
events[4][1][23][8][5][7][0][3]: 267504263994473
events[4][1][23][8][5][7][0][6][1][1][0]: 83
events[4][1][23][8][5][7][0][6][1][1][1][1]: 94
events[4][1][23][8][5][7][1][3]: 882751390000455
events[4][1][23][8][5][7][1][6][1][1][0]: 83
events[4][1][23][8][5][7][1][6][1][1][1][1]: 94
events[4][1][23][8][5][8][0][4]: 912962769871285
events[4][1][23][8][5][8][0][6][0][1]: 95
events[4][1][23][8][5][8][0][6][0][7]: 722582042205454
events[4][1][23][8][5][8][0][6][1][7]: 682045028167169
events[4][1][23][8][5][8][0][7][0][3]: 316879927256889
events[4][1][23][8][5][8][0][7][0][6][1][1][0]: 83
events[4][1][23][8][5][8][0][7][0][6][1][1][1][1]: 94
events[4][1][23][8][5][8][1][6]: 464435176656702
events[4][1][23][8][5][8][1][8]: 155
events[4][1][23][8][5][8][2][4]: 231112843273018
events[4][1][23][8][5][8][2][7][0][3]: 635377093209032
events[4][1][23][8][5][8][2][7][0][6][1][1][0]: 84
events[4][1][23][8][5][8][2][7][0][6][1][1][1][1]: 96
events[4][1][23][8][5][8][2][8][0][4]: 580513779308491
events[4][1][23][8][5][8][2][8][0][6][0][7]: 980301614345268
events[4][1][23][8][5][8][2][8][0][7][0][1]: 97
events[4][1][23][8][5][8][2][8][0][7][0][3]: 296410794503021
events[4][1][23][8][5][8][2][8][0][7][1][1]: 98
events[4][1][23][8][5][8][2][8][0][7][1][3]: 878344867521203
events[4][1][23][8][5][8][2][8][0][7][1][6][1][1][0]: 85
events[4][1][23][8][5][8][2][8][0][7][1][6][1][1][1][1]: 99
events[4][1][23][8][5][8][2][8][0][7][2][0]: 63
events[4][1][23][8][5][8][2][8][0][7][2][1]: 97
events[4][1][23][8][5][8][2][8][0][7][2][3]: 848364740443481
events[4][1][23][8][5][8][2][8][0][7][3][0]: 62
events[4][1][23][8][5][8][2][8][0][7][3][1]: 97
events[4][1][23][8][5][8][2][8][0][7][3][3]: 731622032677704
events[4][1][23][8][5][8][2][8][1][4]: 955047513643834
events[4][1][23][8][5][8][2][8][1][6][0][7]: 946699177740951
events[4][1][23][8][5][8][2][8][1][6][1][7]: 786365889268630
events[4][1][23][8][5][8][2][8][1][7][0][1]: 97
events[4][1][23][8][5][8][2][8][1][7][0][3]: 223470663864745
events[4][1][23][8][5][8][2][8][1][7][1][1]: 98
events[4][1][23][8][5][8][2][8][1][7][1][3]: 952520272830999
events[4][1][23][8][5][8][2][8][1][7][1][6][1][1][0]: 86
events[4][1][23][8][5][8][2][8][1][7][1][6][1][1][1][1]: 99
events[4][1][23][8][5][8][2][8][1][7][2][1]: 100
events[4][1][23][8][5][8][2][8][1][7][2][3]: 104209187906026
events[4][1][23][8][5][8][2][8][1][7][2][6][0][1][0]: 87
events[4][1][23][8][5][8][2][8][1][7][2][6][0][1][1][1]: 99
events[4][1][23][8][5][8][2][8][1][7][3][1]: 97
events[4][1][23][8][5][8][2][8][1][7][3][3]: 163639990473802
events[4][1][23][8][5][8][2][8][1][7][4][0]: 63
events[4][1][23][8][5][8][2][8][1][7][4][1]: 97
events[4][1][23][8][5][8][2][8][1][7][4][3]: 830885932810320
events[4][1][23][8][5][8][2][8][2][4]: 709771032190233
events[4][1][23][8][5][8][2][8][2][6][0][7]: 541475382571466
events[4][1][23][8][5][8][2][8][2][6][1][7]: 445975665466062
events[4][1][23][8][5][8][2][8][2][7][0][1]: 98
events[4][1][23][8][5][8][2][8][2][7][0][3]: 186740683282781
events[4][1][23][8][5][8][2][8][2][7][0][6][1][1][0]: 88
events[4][1][23][8][5][8][2][8][2][7][0][6][1][1][1][1]: 99
events[4][1][23][8][5][8][2][8][2][7][1][1]: 100
events[4][1][23][8][5][8][2][8][2][7][1][3]: 872252338845771
events[4][1][23][8][5][8][2][8][2][7][1][6][0][1][0]: 89
events[4][1][23][8][5][8][2][8][2][7][1][6][0][1][1][1]: 99
events[4][1][23][8][5][8][2][8][2][7][2][1]: 101
events[4][1][23][8][5][8][2][8][2][7][2][3]: 287947906305330
events[4][1][23][8][5][8][2][8][2][7][2][6][0][1][0]: 90
events[4][1][23][8][5][8][2][8][2][7][2][6][2][1][0]: 91
events[4][1][23][8][5][8][2][8][2][7][2][6][2][1][1][1]: 99
events[4][1][23][8][5][8][2][8][2][7][3][1]: 101
events[4][1][23][8][5][8][2][8][2][7][3][3]: 695535065081101
events[4][1][23][8][5][8][2][8][2][7][3][6][0][1][0]: 92
events[4][1][23][8][5][8][2][8][2][7][3][6][2][1][0]: 93
events[4][1][23][8][5][8][2][8][2][7][3][6][2][1][1][1]: 99
events[4][1][23][8][5][8][2][8][2][7][4][1]: 101
events[4][1][23][8][5][8][2][8][2][7][4][3]: 602067886442732
events[4][1][23][8][5][8][2][8][2][7][4][6][0][1][0]: 94
events[4][1][23][8][5][8][2][8][2][7][4][6][2][1][0]: 95
events[4][1][23][8][5][8][2][8][2][7][4][6][2][1][1][1]: 99
events[4][1][23][8][5][8][2][8][2][7][5][1]: 97
events[4][1][23][8][5][8][2][8][2][7][5][3]: 381499398049750
events[4][1][23][8][5][8][2][8][2][7][6][0]: 62
events[4][1][23][8][5][8][2][8][2][7][6][1]: 97
events[4][1][23][8][5][8][2][8][2][7][6][3]: 545890487636486
events[4][1][23][8][5][8][3][4]: 553110365429368
events[4][1][23][8][5][8][3][6][0][7]: 825712127505369
events[4][1][23][8][5][8][3][8][0][4]: 831763469712396
events[4][1][23][8][5][8][3][8][0][6][0][7]: 594368707533559
events[4][1][23][8][5][8][3][8][0][6][1][7]: 845085794513843
events[4][1][23][8][5][8][3][8][0][7][0][1]: 102
events[4][1][23][8][5][8][3][8][0][7][0][3]: 470517965035684
events[4][1][23][8][5][8][3][8][1][4]: 428784197359940
events[4][1][23][8][5][8][3][8][1][6][0][7]: 890906130239663
events[4][1][23][8][5][8][3][8][1][6][1][7]: 553756553051616
events[4][1][23][8][5][8][3][8][1][7][0][1]: 102
events[4][1][23][8][5][8][3][8][1][7][0][3]: 882430712531337
events[4][1][23][8][5][8][3][8][2][4]: 319592273196655
events[4][1][23][8][5][8][3][8][2][5]: 50
events[4][1][23][8][5][8][3][8][2][6][0][7]: 541283289782525
events[4][1][23][8][5][8][3][8][2][6][1][7]: 356620232717748
events[4][1][23][8][5][8][3][8][2][8][0][4]: 411866599301605
events[4][1][23][8][5][8][3][8][2][8][0][5]: 51
events[4][1][23][8][5][8][3][8][2][8][0][6][0][7]: 318190652528500
events[4][1][23][8][5][8][3][8][2][8][0][7][0][1]: 102
events[4][1][23][8][5][8][3][8][2][8][0][7][0][3]: 405915686295805
events[4][1][23][8][5][8][3][8][2][8][1][4]: 136210122486850
events[4][1][23][8][5][8][3][8][2][8][1][5]: 52
events[4][1][23][8][5][8][3][8][2][8][1][6][0][7]: 583838662683149
events[4][1][23][8][5][8][3][8][2][8][1][7][0][1]: 102
events[4][1][23][8][5][8][3][8][2][8][1][7][0][3]: 557132665909974
events[4][1][23][8][5][8][3][8][2][8][2][4]: 930969624091244
events[4][1][23][8][5][8][3][8][2][8][2][5]: 53
events[4][1][23][8][5][8][3][8][2][8][2][6][0][7]: 795271708866108
events[4][1][23][8][5][8][3][8][2][8][2][7][0][1]: 102
events[4][1][23][8][5][8][3][8][2][8][2][7][0][3]: 497727545727952
events[4][1][23][8][5][8][3][8][2][8][3][4]: 463160854633191
events[4][1][23][8][5][8][3][8][2][8][3][5]: 54
events[4][1][23][8][5][8][3][8][2][8][3][6][0][7]: 606283628764114
events[4][1][23][8][5][8][3][8][2][8][3][7][0][1]: 102
events[4][1][23][8][5][8][3][8][2][8][3][7][0][3]: 988935502490885
events[4][1][23][8][5][8][3][8][2][8][3][7][0][6][0][1][0]: 96
events[4][1][23][8][5][8][3][8][2][8][4][4]: 780308030114040
events[4][1][23][8][5][8][3][8][2][8][4][5]: 55
events[4][1][23][8][5][8][3][8][2][8][4][6][0][7]: 130314812740311
events[4][1][23][8][5][8][3][8][2][8][4][7][0][1]: 102
events[4][1][23][8][5][8][3][8][2][8][4][7][0][3]: 196737590706503
events[4][1][23][8][5][8][3][8][2][8][4][7][0][6][0][1][0]: 97
events[4][1][23][8][5][8][3][8][2][8][5][4]: 223317386223650
events[4][1][23][8][5][8][3][8][2][8][5][5]: 56
events[4][1][23][8][5][8][3][8][2][8][5][6][0][7]: 128147358063216
events[4][1][23][8][5][8][3][8][2][8][5][6][0][9][2][1][0]: 96
events[4][1][23][8][5][8][3][8][2][8][5][7][0][1]: 102
events[4][1][23][8][5][8][3][8][2][8][5][7][0][3]: 734681433567317
events[4][1][23][8][5][8][3][8][2][8][6][4]: 626929282785905
events[4][1][23][8][5][8][3][8][2][8][6][5]: 57
events[4][1][23][8][5][8][3][8][2][8][6][6][0][7]: 990940044678117
events[4][1][23][8][5][8][3][8][2][8][6][6][0][9][2][1][0]: 97
events[4][1][23][8][5][8][3][8][2][8][6][7][0][1]: 102
events[4][1][23][8][5][8][3][8][2][8][6][7][0][3]: 791496183115894
events[4][1][23][8][5][8][3][8][2][8][6][7][0][6][0][1][0]: 98
events[4][1][23][8][5][8][3][8][2][8][7][4]: 589375847487807
events[4][1][23][8][5][8][3][8][2][8][7][5]: 58
events[4][1][23][8][5][8][3][8][2][8][7][6][0][7]: 133420620370960
events[4][1][23][8][5][8][3][8][2][8][7][6][0][9][2][1][0]: 98
events[4][1][23][8][5][8][3][8][2][8][7][7][0][1]: 102
events[4][1][23][8][5][8][3][8][2][8][7][7][0][3]: 586752907365270
events[4][1][23][8][5][8][3][8][3][4]: 609033571170522
events[4][1][23][8][5][8][3][8][3][5]: 59
events[4][1][23][8][5][8][3][8][3][6][0][7]: 331357695739915
events[4][1][23][8][5][8][3][8][3][6][1][7]: 477891128296360
events[4][1][23][8][5][8][3][8][3][7][0][1]: 102
events[4][1][23][8][5][8][3][8][3][7][0][3]: 151614678700374
events[4][1][23][8][5][8][3][8][4][4]: 103668502655185
events[4][1][23][8][5][8][3][8][4][5]: 60
events[4][1][23][8][5][8][3][8][4][6][0][7]: 998315102756329
events[4][1][23][8][5][8][3][8][4][6][1][7]: 374654730362780
events[4][1][23][8][5][8][3][8][4][7][0][1]: 102
events[4][1][23][8][5][8][3][8][4][7][0][3]: 231442507441300
events[4][1][23][8][5][8][3][8][5][4]: 315386225390318
events[4][1][23][8][5][8][3][8][5][5]: 70
events[4][1][23][8][5][8][3][8][5][6][0][7]: 136349145897731
events[4][1][23][8][5][8][3][8][5][6][1][7]: 683439599317584
events[4][1][23][8][5][8][3][8][5][8][0][4]: 265590880696004
events[4][1][23][8][5][8][3][8][5][8][0][5]: 71
events[4][1][23][8][5][8][3][8][5][8][0][6][0][7]: 235650796444891
events[4][1][23][8][5][8][3][8][5][8][0][7][0][1]: 102
events[4][1][23][8][5][8][3][8][5][8][0][7][0][3]: 359571094953382
events[4][1][23][8][5][8][3][8][5][8][1][4]: 497797290260455
events[4][1][23][8][5][8][3][8][5][8][1][5]: 72
events[4][1][23][8][5][8][3][8][5][8][1][6][0][7]: 284078544198891
events[4][1][23][8][5][8][3][8][5][8][1][7][0][1]: 102
events[4][1][23][8][5][8][3][8][5][8][1][7][0][3]: 281196644505626
events[4][1][23][8][5][8][3][8][5][8][2][4]: 233994169512650
events[4][1][23][8][5][8][3][8][5][8][2][5]: 73
events[4][1][23][8][5][8][3][8][5][8][2][6][0][7]: 474576499324391
events[4][1][23][8][5][8][3][8][5][8][2][7][0][1]: 102
events[4][1][23][8][5][8][3][8][5][8][2][7][0][3]: 103843241090972
events[4][1][23][8][5][8][3][8][5][8][3][4]: 240655387705465
events[4][1][23][8][5][8][3][8][5][8][3][5]: 74
events[4][1][23][8][5][8][3][8][5][8][3][6][0][7]: 334158112272847
events[4][1][23][8][5][8][3][8][5][8][3][7][0][1]: 102
events[4][1][23][8][5][8][3][8][5][8][3][7][0][3]: 247297442893385
events[4][1][23][8][5][8][3][8][5][8][3][7][0][6][0][1][0]: 96
events[4][1][23][8][5][8][3][8][5][8][4][4]: 345407887041898
events[4][1][23][8][5][8][3][8][5][8][4][5]: 75
events[4][1][23][8][5][8][3][8][5][8][4][6][0][7]: 991403454523110
events[4][1][23][8][5][8][3][8][5][8][4][7][0][1]: 102
events[4][1][23][8][5][8][3][8][5][8][4][7][0][3]: 579462398236929
events[4][1][23][8][5][8][3][8][5][8][4][7][0][6][0][1][0]: 97
events[4][1][23][8][5][8][3][8][5][8][5][4]: 603000538697228
events[4][1][23][8][5][8][3][8][5][8][5][5]: 76
events[4][1][23][8][5][8][3][8][5][8][5][6][0][7]: 136446205126130
events[4][1][23][8][5][8][3][8][5][8][5][6][0][9][2][1][0]: 96
events[4][1][23][8][5][8][3][8][5][8][5][7][0][1]: 102
events[4][1][23][8][5][8][3][8][5][8][5][7][0][3]: 218045237422645
events[4][1][23][8][5][8][3][8][5][8][6][4]: 645461628703794
events[4][1][23][8][5][8][3][8][5][8][6][5]: 77
events[4][1][23][8][5][8][3][8][5][8][6][6][0][7]: 587197792116126
events[4][1][23][8][5][8][3][8][5][8][6][6][0][9][2][1][0]: 97
events[4][1][23][8][5][8][3][8][5][8][6][7][0][1]: 102
events[4][1][23][8][5][8][3][8][5][8][6][7][0][3]: 518184156623672
events[4][1][23][8][5][8][3][8][5][8][6][7][0][6][0][1][0]: 98
events[4][1][23][8][5][8][3][8][5][8][7][4]: 843603241640463
events[4][1][23][8][5][8][3][8][5][8][7][5]: 78
events[4][1][23][8][5][8][3][8][5][8][7][6][0][7]: 649680741713618
events[4][1][23][8][5][8][3][8][5][8][7][6][0][9][2][1][0]: 98
events[4][1][23][8][5][8][3][8][5][8][7][7][0][1]: 102
events[4][1][23][8][5][8][3][8][5][8][7][7][0][3]: 168269997046333
events[4][1][23][8][6][4]: 673026883730784
events[4][1][23][8][6][5]: 79
events[4][1][23][8][6][6][0][1]: 64
events[4][1][23][8][6][6][0][7]: 271018021458428
events[4][1][23][8][6][7][0][1]: 102
events[4][1][23][8][6][7][0][3]: 940515544392752
events[4][1][23][8][6][7][0][6][0][1][0]: 99
events[4][1][23][8][6][7][0][6][0][1][1][1]: 94
events[4][1][23][8][6][7][0][6][0][1][3][2]: 70
events[4][1][23][8][6][7][1][1]: 103
events[4][1][23][8][6][7][1][3]: 825642864295838
events[4][1][23][8][6][7][1][6][0][1][0]: 100
events[4][1][23][8][6][7][1][6][0][1][1][1]: 96
events[4][1][23][8][6][7][1][6][0][1][2][1]: 99
events[4][1][23][8][6][7][1][6][0][1][3][1]: 99
events[4][1][23][8][6][7][1][6][0][1][4][1]: 99
events[4][1][23][8][7][4]: 893807174520322
events[4][1][23][8][7][5]: 80
events[4][1][23][8][7][6][0][1]: 64
events[4][1][23][8][7][6][0][7]: 490548617627951
events[4][1][23][8][7][7][0][1]: 103
events[4][1][23][8][7][7][0][3]: 534713819651313
events[4][1][23][8][7][7][0][6][0][1][0]: 101
events[4][1][23][8][7][7][0][6][0][1][1][1]: 96
events[4][1][23][8][7][7][0][6][0][1][2][1]: 99
events[4][1][23][8][7][7][0][6][0][1][3][1]: 99
events[4][1][23][8][7][7][0][6][0][1][4][1]: 99
events[4][1][23][8][7][7][0][6][0][1][5][1]: 99
events[4][1][23][8][7][7][1][1]: 103
events[4][1][23][8][7][7][1][3]: 872224941930741
events[4][1][23][8][7][7][1][6][0][1][1][2]: 104
events[4][1][23][8][7][7][2][0]: 70
events[4][1][23][8][7][7][2][1]: 103
events[4][1][23][8][7][7][2][3]: 122733912583099
events[4][1][23][8][7][7][2][6][0][1][1][2]: 104
events[4][1][23][8][8][4]: 771922096649551
events[4][1][23][8][8][5]: 81
events[4][1][23][8][8][6][0][1]: 64
events[4][1][23][8][8][6][0][7]: 743944978823483
events[4][1][23][8][8][7][0][1]: 103
events[4][1][23][8][8][7][0][3]: 694380901779266
events[4][1][23][8][8][7][0][6][0][1][0]: 101
events[4][1][23][8][8][7][0][6][0][1][1][1]: 96
events[4][1][23][8][8][7][0][6][0][1][2][1]: 99
events[4][1][23][8][8][7][0][6][0][1][3][1]: 99
events[4][1][23][8][8][7][0][6][0][1][4][1]: 99
events[4][1][23][8][8][7][0][6][0][1][5][1]: 99
events[4][1][23][8][8][7][1][1]: 103
events[4][1][23][8][8][7][1][3]: 880332889090414
events[4][1][23][8][8][7][1][6][0][1][1][2]: 104
events[4][1][23][8][8][7][2][0]: 78
events[4][1][23][8][8][7][2][1]: 103
events[4][1][23][8][8][7][2][3]: 757518503223850
events[4][1][23][8][8][7][2][6][0][1][1][2]: 104
events[4][1][23][8][9][4]: 554145190363898
events[4][1][23][8][9][5]: 82
events[4][1][23][8][9][6][0][1]: 64
events[4][1][23][8][9][6][0][7]: 181918131789725
events[4][1][23][8][9][7][0][1]: 103
events[4][1][23][8][9][7][0][3]: 872767412878718
events[4][1][23][8][9][7][0][6][0][1][0]: 101
events[4][1][23][8][9][7][0][6][0][1][1][1]: 96
events[4][1][23][8][9][7][0][6][0][1][2][1]: 99
events[4][1][23][8][9][7][0][6][0][1][3][1]: 99
events[4][1][23][8][9][7][0][6][0][1][4][1]: 99
events[4][1][23][8][9][7][0][6][0][1][5][1]: 99
events[4][1][23][8][9][7][1][1]: 103
events[4][1][23][8][9][7][1][3]: 475316077150158
events[4][1][23][8][9][7][1][6][0][1][1][2]: 104
events[4][1][23][8][9][7][2][0]: 77
events[4][1][23][8][9][7][2][1]: 103
events[4][1][23][8][9][7][2][3]: 593278400422935
events[4][1][23][8][9][7][2][6][0][1][1][2]: 104
events[4][1][23][8][10][4]: 929222060760567
events[4][1][23][8][10][5]: 83
events[4][1][23][8][10][6][0][1]: 64
events[4][1][23][8][10][6][0][7]: 504400372619915
events[4][1][23][8][10][7][0][1]: 103
events[4][1][23][8][10][7][0][3]: 926820011093388
events[4][1][23][8][10][7][0][6][0][1][0]: 101
events[4][1][23][8][10][7][0][6][0][1][1][1]: 96
events[4][1][23][8][10][7][0][6][0][1][2][1]: 99
events[4][1][23][8][10][7][0][6][0][1][3][1]: 99
events[4][1][23][8][10][7][0][6][0][1][4][1]: 99
events[4][1][23][8][10][7][0][6][0][1][5][1]: 99
events[4][1][23][8][10][7][1][1]: 103
events[4][1][23][8][10][7][1][3]: 982184268834595
events[4][1][23][8][10][7][1][6][0][1][1][2]: 104
events[4][1][23][8][10][7][2][0]: 79
events[4][1][23][8][10][7][2][1]: 103
events[4][1][23][8][10][7][2][3]: 746168399500014
events[4][1][23][8][10][7][2][6][0][1][1][2]: 104
events[4][1][24][4]: 842099959132424
events[4][1][24][5]: 84
events[4][1][24][6][0][9][0][1][0]: 102
events[4][1][24][8][0][4]: 173335466987062
events[4][1][24][8][0][5]: 85
events[4][1][24][8][0][6][0][7]: 948330382363446
events[4][1][24][8][0][6][1][7]: 694601271738028
events[4][1][24][8][0][6][2][1]: 105
events[4][1][24][8][0][6][2][7]: 756383039129751
events[4][1][24][8][0][6][3][1]: 105
events[4][1][24][8][0][6][3][7]: 823964315381556
events[4][1][24][8][0][6][4][1]: 105
events[4][1][24][8][0][6][4][7]: 241374763717448
events[4][1][24][8][0][8][0][4]: 470532884080689
events[4][1][24][8][0][8][0][5]: 86
events[4][1][24][8][0][8][0][6][0][1]: 106
events[4][1][24][8][0][8][0][6][0][7]: 256508001095888
events[4][1][24][8][0][8][0][6][1][1]: 105
events[4][1][24][8][0][8][0][6][1][7]: 634962282654510
events[4][1][24][8][0][8][0][7][0][3]: 913472897786272
events[4][1][24][8][0][8][1][4]: 120299978614252
events[4][1][24][8][0][8][1][5]: 87
events[4][1][24][8][0][8][1][6][0][7]: 684989146382366
events[4][1][24][8][0][8][1][7][0][3]: 704790289254199
events[4][1][24][8][0][8][2][4]: 285707079002661
events[4][1][24][8][0][8][2][5]: 88
events[4][1][24][8][0][8][2][6][0][7]: 837990715631497
events[4][1][24][8][0][8][2][8][0][4]: 836703864715875
events[4][1][24][8][0][8][2][8][0][5]: 89
events[4][1][24][8][0][8][2][8][0][6][0][1]: 106
events[4][1][24][8][0][8][2][8][0][6][0][7]: 189990841296349
events[4][1][24][8][0][8][2][8][0][6][0][9][0][1]: 87
events[4][1][24][8][0][8][2][8][0][6][1][1]: 105
events[4][1][24][8][0][8][2][8][0][6][1][7]: 449068964632145
events[4][1][24][8][0][8][2][8][0][7][0][3]: 764763383810956
events[4][1][24][8][0][8][2][8][1][4]: 958335728983498
events[4][1][24][8][0][8][2][8][1][5]: 90
events[4][1][24][8][0][8][2][8][1][6][0][7]: 496523005061858
events[4][1][24][8][0][8][2][8][1][7][0][3]: 280719676992593
events[4][1][24][8][1][4]: 320181907294440
events[4][1][24][8][1][5]: 91
events[4][1][24][8][1][7][0][1]: 78
events[4][1][24][8][1][7][0][3]: 270141325135944
events[4][1][24][8][1][7][0][6][0][1][0]: 103
events[4][1][24][8][1][7][0][6][0][1][1][2]: 53
events[4][1][24][8][1][7][0][6][0][1][2][1]: 89
events[4][1][24][8][1][7][0][6][1][1][0]: 104
events[4][1][24][8][1][7][0][6][1][1][1][1]: 91
events[4][1][24][8][1][7][0][6][1][1][2][1]: 86
events[4][1][24][8][1][7][1][1]: 78
events[4][1][24][8][1][7][1][3]: 351562602720816
events[4][1][24][8][1][7][1][6][0][1][0]: 103
events[4][1][24][8][1][7][1][6][0][1][1][2]: 53
events[4][1][24][8][1][7][1][6][0][1][2][1]: 89
events[4][1][24][8][1][7][1][6][1][1][0]: 104
events[4][1][24][8][1][7][1][6][1][1][1][1]: 91
events[4][1][24][8][1][7][1][6][1][1][2][1]: 86
events[4][1][24][8][2][4]: 727638185708018
events[4][1][24][8][2][5]: 92
events[4][1][24][8][2][6][0][7]: 969992042893753
events[4][1][24][8][2][6][1][7]: 640929714478855
events[4][1][24][8][2][6][2][7]: 698968423416552
events[4][1][24][8][2][6][3][7]: 756444767045056
events[4][1][24][8][2][7][0][1]: 73
events[4][1][24][8][2][7][0][3]: 359438467533594
events[4][1][24][8][2][7][0][6][2][1][0]: 69
events[4][1][24][8][2][7][0][6][3][1][0]: 65
events[4][1][24][8][2][8][0][4]: 355266461111034
events[4][1][24][8][2][8][0][5]: 93
events[4][1][24][8][2][8][0][6][0][7]: 466598772165391
events[4][1][24][8][2][8][0][7][0][1]: 107
events[4][1][24][8][2][8][0][7][0][3]: 268242998096516
events[4][1][24][8][2][8][1][4]: 469342562241231
events[4][1][24][8][2][8][1][5]: 94
events[4][1][24][8][2][8][1][6][0][7]: 637354301953421
events[4][1][24][8][2][8][1][7][0][1]: 71
events[4][1][24][8][2][8][1][7][0][3]: 716857375065431
events[4][1][24][8][2][8][2][4]: 784813909379771
events[4][1][24][8][2][8][2][5]: 95
events[4][1][24][8][2][8][2][6][0][1]: 108
events[4][1][24][8][2][8][2][6][0][7]: 666606572681135
events[4][1][24][8][2][8][2][7][0][1]: 109
events[4][1][24][8][2][8][2][7][0][3]: 859741060853535
events[4][1][24][8][3][4]: 262390943356076
events[4][1][24][8][3][5]: 96
events[4][1][24][8][3][6][0][7]: 362899568316528
events[4][1][24][8][3][6][1][7]: 287295772809048
events[4][1][24][8][3][6][2][7]: 312772188623943
events[4][1][24][8][3][6][3][7]: 775274980620365
events[4][1][24][8][3][7][0][1]: 73
events[4][1][24][8][3][7][0][3]: 903752619056962
events[4][1][24][8][3][7][0][6][2][1][0]: 69
events[4][1][24][8][3][7][0][6][3][1][0]: 65
events[4][1][24][8][3][8][0][4]: 427259355230543
events[4][1][24][8][3][8][0][5]: 97
events[4][1][24][8][3][8][0][6][0][7]: 970395837571696
events[4][1][24][8][3][8][0][7][0][1]: 107
events[4][1][24][8][3][8][0][7][0][3]: 268643362545007
events[4][1][24][8][3][8][1][4]: 440773771277828
events[4][1][24][8][3][8][1][5]: 98
events[4][1][24][8][3][8][1][6][0][7]: 376566196762638
events[4][1][24][8][3][8][1][7][0][1]: 71
events[4][1][24][8][3][8][1][7][0][3]: 750145750729070
events[4][1][24][8][3][8][2][4]: 927346900137432
events[4][1][24][8][3][8][2][5]: 99
events[4][1][24][8][3][8][2][6][0][1]: 108
events[4][1][24][8][3][8][2][6][0][7]: 872330308511307
events[4][1][24][8][3][8][2][7][0][1]: 109
events[4][1][24][8][3][8][2][7][0][3]: 136747046534893
events[4][1][24][8][4][4]: 248678847168057
events[4][1][24][8][4][5]: 100
events[4][1][24][8][4][6][0][7]: 731857797570818
events[4][1][24][8][4][8][0][4]: 601984124282181
events[4][1][24][8][4][8][0][5]: 101
events[4][1][24][8][4][8][0][6][0][7]: 396948737248683
events[4][1][24][8][4][8][0][8][0][4]: 453978799111102
events[4][1][24][8][4][8][0][8][0][5]: 102
events[4][1][24][8][4][8][0][8][0][6][0][7]: 209484578529087
events[4][1][24][8][4][8][0][8][0][6][1][7]: 425475079753371
events[4][1][24][8][4][8][0][8][0][8][0][4]: 138297631160512
events[4][1][24][8][4][8][0][8][0][8][0][5]: 103
events[4][1][24][8][4][8][0][8][0][8][0][6][0][1]: 110
events[4][1][24][8][4][8][0][8][0][8][0][6][0][7]: 297876525178751
events[4][1][24][8][4][8][0][8][0][8][0][6][0][9][0][1][0]: 105
events[4][1][24][8][4][8][0][8][0][8][0][7][0][1]: 73
events[4][1][24][8][4][8][0][8][0][8][0][7][0][3]: 888139742535966
events[4][1][24][8][4][8][0][8][0][8][0][7][0][6][2][1][0]: 64
events[4][1][24][8][4][8][0][8][0][8][0][7][0][6][3][1][0]: 105
events[4][1][24][8][5][4]: 428784621584431
events[4][1][24][8][5][5]: 104
events[4][1][24][8][5][6][0][7]: 471557605524524
events[4][1][24][8][5][8][0][4]: 665713215263798
events[4][1][24][8][5][8][0][5]: 105
events[4][1][24][8][5][8][0][6][0][7]: 341820529213512
events[4][1][24][8][5][8][0][8][0][4]: 949407305767272
events[4][1][24][8][5][8][0][8][0][5]: 106
events[4][1][24][8][5][8][0][8][0][6][0][7]: 856231849171180
events[4][1][24][8][5][8][0][8][0][6][1][7]: 255855317748182
events[4][1][24][8][5][8][0][8][0][8][0][4]: 757919200008736
events[4][1][24][8][5][8][0][8][0][8][0][5]: 107
events[4][1][24][8][5][8][0][8][0][8][0][6][0][1]: 110
events[4][1][24][8][5][8][0][8][0][8][0][6][0][7]: 892473005880953
events[4][1][24][8][5][8][0][8][0][8][0][6][0][9][0][1][0]: 106
events[4][1][24][8][5][8][0][8][0][8][0][7][0][1]: 73
events[4][1][24][8][5][8][0][8][0][8][0][7][0][3]: 876499794431660
events[4][1][24][8][5][8][0][8][0][8][0][7][0][6][2][1][0]: 64
events[4][1][24][8][5][8][0][8][0][8][0][7][0][6][3][1][0]: 106
events[4][1][25][4]: 566459596397978
events[4][1][25][5]: 108
events[4][1][25][6][0][9][0][1][0]: 107
events[4][1][25][8][0][4]: 958755318800767
events[4][1][25][8][0][5]: 109
events[4][1][25][8][0][6][0][7]: 872999501671074
events[4][1][25][8][0][8][0][4]: 852520426676739
events[4][1][25][8][0][8][0][5]: 110
events[4][1][25][8][0][8][0][6][0][7]: 618436788182471
events[4][1][25][8][0][8][0][6][0][9][0][1][0]: 108
events[4][1][25][8][0][8][0][7][0][1]: 109
events[4][1][25][8][0][8][0][7][0][3]: 107176796908878
events[4][1][25][8][0][8][0][7][1][1]: 107
events[4][1][25][8][0][8][0][7][1][3]: 208898183166590
events[4][1][25][8][0][8][0][7][2][1]: 71
events[4][1][25][8][0][8][0][7][2][3]: 424250939340329
events[4][1][25][8][0][8][1][4]: 543602788605946
events[4][1][25][8][0][8][1][5]: 111
events[4][1][25][8][0][8][1][6][0][1]: 108
events[4][1][25][8][0][8][1][6][0][7]: 128491634168916
events[4][1][25][8][0][8][1][7][0][1]: 111
events[4][1][25][8][0][8][1][7][0][3]: 991939536362283
events[4][1][25][8][0][8][2][4]: 670566705464451
events[4][1][25][8][0][8][2][5]: 112
events[4][1][25][8][0][8][2][6][0][1]: 108
events[4][1][25][8][0][8][2][6][0][7]: 309309498517815
events[4][1][25][8][0][8][2][7][0][1]: 111
events[4][1][25][8][0][8][2][7][0][3]: 924972354332958
events[4][1][25][8][1][4]: 219804282033176
events[4][1][25][8][1][5]: 113
events[4][1][25][8][1][6][0][1]: 112
events[4][1][25][8][1][6][0][7]: 256053330610273
events[4][1][25][8][1][6][0][9][0][1]: 76
events[4][1][25][8][1][6][0][9][1][1][1][2]: 53
events[4][1][25][8][1][6][0][9][2][1][1][2]: 54
events[4][1][25][8][1][6][1][0]: 104
events[4][1][25][8][1][6][1][7]: 426167876308401
events[4][1][25][8][1][6][2][0]: 104
events[4][1][25][8][1][6][2][7]: 728779415677016
events[4][1][25][8][1][6][3][0]: 104
events[4][1][25][8][1][6][3][1]: 113
events[4][1][25][8][1][6][3][7]: 953980091112315
events[4][1][25][8][1][6][4][7]: 652915467228624
events[4][1][25][8][1][6][4][9][1][1][1][1]: 76
events[4][1][25][8][1][6][4][9][1][1][1][2]: 54
events[4][1][25][8][1][6][5][7]: 319330374242915
events[4][1][25][8][1][6][6][7]: 334019588002211
events[4][1][25][8][1][7][0][1]: 73
events[4][1][25][8][1][7][0][3]: 950474614759985
events[4][1][25][8][1][7][0][6][2][1][0]: 69
events[4][1][25][8][1][7][0][6][3][1][0]: 65
events[4][1][25][8][1][7][1][3]: 326123253763972
events[4][1][25][8][1][7][2][3]: 894405781359528
events[4][1][25][8][1][7][3][1]: 71
events[4][1][25][8][1][7][3][3]: 538291056928430
events[4][1][25][8][1][7][4][3]: 103086064408705
events[4][1][25][8][1][7][5][1]: 72
events[4][1][25][8][1][7][5][3]: 302005576689619
events[4][1][25][8][1][7][6][1]: 114
events[4][1][25][8][1][7][6][3]: 460034554735321
events[4][1][25][8][1][7][7][1]: 107
events[4][1][25][8][1][7][7][3]: 912610414169033
events[4][1][25][8][1][7][8][1]: 109
events[4][1][25][8][1][7][8][3]: 343536408347481
events[4][1][25][8][1][7][9][1]: 71
events[4][1][25][8][1][7][9][3]: 121195959202032
events[4][1][25][8][1][8][0][4]: 890382735953284
events[4][1][25][8][1][8][0][5]: 114
events[4][1][25][8][1][8][0][6][0][1]: 115
events[4][1][25][8][1][8][0][6][0][7]: 130478807741774
events[4][1][25][8][1][8][0][6][0][9][0][1]: 86
events[4][1][25][8][1][8][0][6][1][0]: 76
events[4][1][25][8][1][8][0][6][1][7]: 270917782816362
events[4][1][25][8][1][8][0][6][1][9][2][1][1][1]: 86
events[4][1][25][8][1][8][0][7][0][0]: 86
events[4][1][25][8][1][8][0][7][0][1]: 116
events[4][1][25][8][1][8][0][7][0][3]: 594607410044362
events[4][1][25][8][1][8][0][7][0][6][0][1][0]: 109
events[4][1][25][8][1][8][0][7][0][6][0][1][1][1]: 86
events[4][1][25][8][1][8][0][7][0][6][0][1][1][2]: 79
events[4][1][25][8][1][8][0][7][1][0]: 86
events[4][1][25][8][1][8][0][7][1][1]: 117
events[4][1][25][8][1][8][0][7][1][3]: 106466198300445
events[4][1][25][8][1][8][0][7][1][6][0][1][0]: 110
events[4][1][25][8][1][8][0][7][1][6][0][1][1][1]: 86
events[4][1][25][8][1][8][0][7][1][6][0][1][1][2]: 80
events[4][1][25][8][1][8][0][7][2][1]: 74
events[4][1][25][8][1][8][0][7][2][3]: 968127763414420
events[4][1][25][8][1][8][0][7][2][6][0][1][0]: 111
events[4][1][25][8][1][8][0][7][3][0]: 86
events[4][1][25][8][1][8][0][7][3][1]: 57
events[4][1][25][8][1][8][0][7][3][3]: 201054996667476
events[4][1][25][8][1][8][1][4]: 232067892445288
events[4][1][25][8][1][8][1][5]: 115
events[4][1][25][8][1][8][1][6][0][0]: 76
events[4][1][25][8][1][8][1][6][0][7]: 339740788244506
events[4][1][25][8][1][8][1][7][0][1]: 118
events[4][1][25][8][1][8][1][7][0][3]: 224030693364873
events[4][1][25][8][1][8][1][7][0][6][1][1][0]: 112
events[4][1][25][8][1][8][1][7][0][6][1][1][1][2]: 119
events[4][1][25][8][1][8][1][7][1][3]: 357374918851866
events[4][1][25][8][1][8][1][8][0][4]: 302934131099967
events[4][1][25][8][1][8][1][8][0][5]: 116
events[4][1][25][8][1][8][1][8][0][6][0][1]: 108
events[4][1][25][8][1][8][1][8][0][6][0][7]: 969620497348809
events[4][1][25][8][1][8][1][8][0][7][0][1]: 111
events[4][1][25][8][1][8][1][8][0][7][0][3]: 432529751690371
events[4][1][25][8][1][8][1][8][0][7][1][1]: 51
events[4][1][25][8][1][8][1][8][0][7][1][3]: 925413833204297
events[4][1][25][8][1][8][1][8][0][7][1][6][2][1][0]: 113
events[4][1][25][8][1][8][2][4]: 110355254108765
events[4][1][25][8][1][8][2][5]: 117
events[4][1][25][8][1][8][2][6][0][0]: 76
events[4][1][25][8][1][8][2][6][0][7]: 466956516950250
events[4][1][25][8][1][8][2][7][0][3]: 383638392481407
events[4][1][25][8][1][8][2][7][1][1]: 118
events[4][1][25][8][1][8][2][7][1][3]: 277293249300798
events[4][1][25][8][1][8][2][7][1][6][1][1][0]: 112
events[4][1][25][8][1][8][2][7][1][6][1][1][1][2]: 119
events[4][1][25][8][1][8][2][8][0][4]: 713517519493058
events[4][1][25][8][1][8][2][8][0][5]: 118
events[4][1][25][8][1][8][2][8][0][6][0][1]: 108
events[4][1][25][8][1][8][2][8][0][6][0][7]: 808815588316343
events[4][1][25][8][1][8][2][8][0][7][0][1]: 111
events[4][1][25][8][1][8][2][8][0][7][0][3]: 975493128028125
events[4][1][25][8][1][8][2][8][0][7][1][1]: 51
events[4][1][25][8][1][8][2][8][0][7][1][3]: 809665852926848
events[4][1][25][8][1][8][2][8][0][7][1][6][2][1][0]: 113
events[4][1][25][8][1][8][3][4]: 708963458766174
events[4][1][25][8][1][8][3][5]: 119
events[4][1][25][8][1][8][3][7][0][1]: 74
events[4][1][25][8][1][8][3][7][0][3]: 469748725232927
events[4][1][25][8][1][8][3][7][0][6][0][1][0]: 114
events[4][1][25][8][1][8][3][7][1][1]: 72
events[4][1][25][8][1][8][3][7][1][3]: 427700892329082
events[4][1][25][8][1][8][3][7][2][1]: 74
events[4][1][25][8][1][8][3][7][2][3]: 190644658472580
events[4][1][25][8][1][8][3][7][2][6][0][1][0]: 115
events[4][1][25][8][1][8][3][7][3][3]: 366026089897477
events[4][1][25][8][1][8][3][8][0][4]: 523916697039557
events[4][1][25][8][1][8][3][8][0][5]: 120
events[4][1][25][8][1][8][3][8][0][6][0][7]: 774217858575220
events[4][1][25][8][1][8][3][8][0][6][0][9][2][1][0]: 96
events[4][1][25][8][1][8][3][8][0][6][1][7]: 936881399069341
events[4][1][25][8][1][8][3][8][0][6][1][9][2][1][0]: 96
events[4][1][25][8][1][8][3][8][0][7][0][1]: 120
events[4][1][25][8][1][8][3][8][0][7][0][3]: 885017546761039
events[4][1][25][8][1][8][3][8][0][7][1][1]: 75
events[4][1][25][8][1][8][3][8][0][7][1][3]: 885684961338667
events[4][1][25][8][1][8][3][8][1][4]: 385326869674219
events[4][1][25][8][1][8][3][8][1][5]: 121
events[4][1][25][8][1][8][3][8][1][6][0][7]: 373053060333779
events[4][1][25][8][1][8][3][8][1][8][0][4]: 605550283910238
events[4][1][25][8][1][8][3][8][1][8][0][5]: 122
events[4][1][25][8][1][8][3][8][1][8][0][6][0][7]: 318517585337147
events[4][1][25][8][1][8][3][8][1][8][0][6][0][9][2][1][0]: 96
events[4][1][25][8][1][8][3][8][1][8][0][7][0][3]: 999942894942948
events[4][1][25][8][1][8][3][8][1][8][0][7][0][6][0][1][0]: 116
events[4][1][25][8][1][8][3][8][1][8][1][4]: 470832160460214
events[4][1][25][8][1][8][3][8][1][8][1][5]: 123
events[4][1][25][8][1][8][3][8][1][8][1][6][0][7]: 953461121725139
events[4][1][25][8][1][8][3][8][1][8][1][7][0][3]: 205103088191470
events[4][1][25][8][1][8][3][8][1][8][1][7][0][6][0][1][0]: 117
events[4][1][25][8][2][4]: 820567048447002
events[4][1][25][8][2][5]: 124
events[4][1][25][8][2][6][0][7]: 183099311061566
events[4][1][25][8][2][7][0][1]: 121
events[4][1][25][8][2][7][0][3]: 152700717861418
events[4][1][25][8][2][7][0][6][0][1][0]: 118
events[4][1][25][8][2][7][0][6][0][1][1][1]: 122
events[4][1][25][8][2][7][0][6][0][1][2][2]: 53
events[4][1][25][8][2][7][0][6][1][1][0]: 119
events[4][1][25][8][2][7][0][6][1][1][1][1]: 123
events[4][1][25][8][2][7][1][1]: 124
events[4][1][25][8][2][7][1][3]: 533963281087562
events[4][1][25][8][2][7][1][6][0][1][0]: 120
events[4][1][25][8][2][7][1][6][0][1][1][1]: 125
events[4][1][25][8][3][4]: 211333034083388
events[4][1][25][8][3][5]: 125
events[4][1][25][8][3][6][0][1]: 76
events[4][1][25][8][3][6][0][7]: 246281522109945
events[4][1][25][8][3][6][0][9][0][1][0]: 113
events[4][1][25][8][3][7][0][1]: 126
events[4][1][25][8][3][7][0][3]: 223083540402947
events[4][1][25][8][3][7][0][6][0][1][0]: 121
events[4][1][25][8][3][7][1][1]: 127
events[4][1][25][8][3][7][1][3]: 490727383165699
events[4][1][25][8][3][7][1][6][0][1][0]: 122
events[4][1][25][8][3][7][1][6][0][1][1][1]: 99
events[4][1][25][8][3][7][2][1]: 51
events[4][1][25][8][3][7][2][3]: 541675785350289
events[4][1][25][8][3][7][2][6][2][1][0]: 123
events[4][1][25][8][4][4]: 231011438389849
events[4][1][25][8][4][5]: 126
events[4][1][25][8][4][6][0][1]: 76
events[4][1][25][8][4][6][0][7]: 134636312957892
events[4][1][25][8][4][6][0][9][0][1][0]: 123
events[4][1][25][8][4][7][0][1]: 126
events[4][1][25][8][4][7][0][3]: 550870160672192
events[4][1][25][8][4][7][1][1]: 127
events[4][1][25][8][4][7][1][3]: 702910927209570
events[4][1][25][8][4][7][1][6][0][1][0]: 124
events[4][1][25][8][4][7][1][6][0][1][1][1]: 99
events[4][1][25][8][4][7][2][1]: 51
events[4][1][25][8][4][7][2][3]: 292397011245738
events[4][1][25][8][4][7][2][6][2][1][0]: 113
events[4][1][26][4]: 739620096340547
events[4][1][26][5]: 127
events[4][1][26][6][0][9][0][1][0]: 125
events[4][1][26][8][0][4]: 164370333053836
events[4][1][26][8][0][5]: 128
events[4][1][26][8][0][6][0][1]: 128
events[4][1][26][8][0][6][0][7]: 873375018224241
events[4][1][26][8][0][6][0][9][0][1][0]: 126
events[4][1][26][8][0][7][0][1]: 129
events[4][1][26][8][0][7][0][3]: 784965340374361
events[4][1][26][8][0][7][0][6][0][1][0]: 127
events[4][1][26][8][0][7][0][6][1][1][0]: 128
events[4][1][26][8][0][7][0][6][1][1][1][3]: 130
events[4][1][26][8][1][4]: 966802454675834
events[4][1][26][8][1][5]: 129
events[4][1][26][8][1][6][0][1]: 131
events[4][1][26][8][1][6][0][7]: 640512727380186
events[4][1][26][8][1][6][0][9][0][1][0]: 126
events[4][1][26][8][1][7][0][1]: 129
events[4][1][26][8][1][7][0][3]: 456882907562642
events[4][1][26][8][1][7][0][6][0][1][0]: 127
events[4][1][26][8][1][7][0][6][1][1][0]: 129
events[4][1][26][8][2][1][2][0][6]: 585962555298105
events[4][1][26][8][2][4]: 565963435492618
events[4][1][26][8][2][5]: 130
events[4][1][26][8][2][7][0][1]: 73
events[4][1][26][8][2][7][0][3]: 596082241022385
events[4][1][26][8][2][7][0][6][2][1][0]: 64
events[4][1][26][8][2][7][0][6][3][1][0]: 130
events[4][1][26][8][2][7][1][1]: 132
events[4][1][26][8][2][7][1][3]: 905581813377383
events[4][1][26][8][2][7][1][6][0][1][0]: 131
events[4][1][26][8][2][7][2][1]: 73
events[4][1][26][8][2][7][2][3]: 840898379653452
events[4][1][26][8][2][7][2][6][2][1][0]: 69
events[4][1][26][8][2][7][2][6][3][1][0]: 132
events[4][1][26][8][2][7][3][1]: 107
events[4][1][26][8][2][7][3][3]: 370256423758114
events[4][1][26][8][2][7][4][1]: 133
events[4][1][26][8][2][7][4][3]: 497724149145609
events[4][1][26][8][2][7][4][6][0][1][0]: 126
events[4][1][26][8][2][7][4][6][2][1][0]: 129
events[4][1][26][8][2][7][5][1]: 129
events[4][1][26][8][2][7][5][3]: 977968489710498
events[4][1][26][8][2][7][5][6][0][1][0]: 127
events[4][1][26][8][2][7][6][1]: 134
events[4][1][26][8][2][7][6][3]: 683360837405343
events[4][1][26][8][2][7][6][6][0][1][0]: 133
events[4][1][26][8][2][7][7][1]: 135
events[4][1][26][8][2][7][7][3]: 542958537233625
events[4][1][26][8][2][7][7][6][0][1][0]: 134
events[4][1][26][8][2][7][8][1]: 136
events[4][1][26][8][2][7][8][3]: 673080752122027
events[4][1][26][8][2][7][8][6][0][1][0]: 134
events[4][1][26][8][2][7][9][1]: 74
events[4][1][26][8][2][7][9][3]: 421677819623936
events[4][1][26][8][2][7][9][6][0][1][0]: 114
events[4][1][26][8][2][7][10][1]: 137
events[4][1][26][8][2][7][10][3]: 999981598537614
events[4][1][26][8][2][7][10][6][0][1]: 51
events[4][1][26][8][2][7][10][6][1][1][0]: 134
events[4][1][26][8][2][7][10][6][3][1][0]: 135
events[4][1][26][8][2][7][11][0]: 51
events[4][1][26][8][2][7][11][1]: 138
events[4][1][26][8][2][7][11][3]: 723069309609422
events[4][1][26][8][2][7][11][6][0][1][0]: 136
events[4][1][26][8][2][7][11][6][1][1][0]: 137
events[4][1][26][8][2][7][12][1]: 137
events[4][1][26][8][2][7][12][3]: 868484130857558
events[4][1][26][8][2][7][12][6][0][1]: 51
events[4][1][26][8][2][7][12][6][1][1][0]: 134
events[4][1][26][8][2][7][12][6][3][1][0]: 138
events[4][1][26][8][2][7][13][0]: 51
events[4][1][26][8][2][7][13][1]: 138
events[4][1][26][8][2][7][13][3]: 414999656874426
events[4][1][26][8][2][7][13][6][0][1][0]: 136
events[4][1][26][8][2][7][14][1]: 137
events[4][1][26][8][2][7][14][3]: 329503698124844
events[4][1][26][8][2][7][14][6][0][1]: 51
events[4][1][26][8][2][7][14][6][1][1][0]: 134
events[4][1][26][8][2][7][14][6][3][1][0]: 139
events[4][1][26][8][2][7][15][0]: 51
events[4][1][26][8][2][7][15][1]: 138
events[4][1][26][8][2][7][15][3]: 942429315045689
events[4][1][26][8][2][7][15][6][0][1][0]: 136
events[4][1][26][8][2][7][16][1]: 137
events[4][1][26][8][2][7][16][3]: 300544945198360
events[4][1][26][8][2][7][16][6][0][1]: 52
events[4][1][26][8][2][7][16][6][1][1][0]: 134
events[4][1][26][8][2][7][16][6][2][1][0]: 140
events[4][1][26][8][2][7][16][6][3][1][0]: 141
events[4][1][26][8][2][7][17][0]: 52
events[4][1][26][8][2][7][17][1]: 139
events[4][1][26][8][2][7][17][3]: 856127507174776
events[4][1][26][8][2][7][17][6][0][1][0]: 142
events[4][1][26][8][2][7][17][6][2][1][0]: 143
events[4][1][26][8][2][7][18][1]: 137
events[4][1][26][8][2][7][18][3]: 768272981595778
events[4][1][26][8][2][7][18][6][0][1]: 53
events[4][1][26][8][2][7][18][6][1][1][0]: 134
events[4][1][26][8][2][7][18][6][2][1][0]: 144
events[4][1][26][8][2][7][18][6][3][1][0]: 145
events[4][1][26][8][2][7][19][0]: 53
events[4][1][26][8][2][7][19][3]: 470195214178491
events[4][1][26][8][2][7][20][1]: 137
events[4][1][26][8][2][7][20][3]: 440050873527110
events[4][1][26][8][2][7][20][6][0][1]: 55
events[4][1][26][8][2][7][20][6][1][1][0]: 134
events[4][1][26][8][2][7][20][6][2][1][0]: 143
events[4][1][26][8][2][7][20][6][3][1][0]: 145
events[4][1][26][8][2][7][21][0]: 55
events[4][1][26][8][2][7][21][3]: 257211661486965
events[4][1][26][8][2][7][22][1]: 137
events[4][1][26][8][2][7][22][3]: 950570781698858
events[4][1][26][8][2][7][22][6][0][1]: 54
events[4][1][26][8][2][7][22][6][1][1][0]: 134
events[4][1][26][8][2][7][22][6][2][1][0]: 146
events[4][1][26][8][2][7][22][6][3][1][0]: 145
events[4][1][26][8][2][8][0][4]: 833797330398783
events[4][1][26][8][2][8][0][5]: 131
events[4][1][26][8][2][8][0][6][0][7]: 481539189826273
events[4][1][26][8][2][8][0][6][0][9][2][1][0]: 117
events[4][1][26][8][2][8][0][8][0][4]: 963453263147041
events[4][1][26][8][2][8][0][8][0][5]: 132
events[4][1][26][8][2][8][0][8][0][6][0][7]: 108885782533715
events[4][1][26][8][2][8][0][8][0][7][0][0]: 52
events[4][1][26][8][2][8][0][8][0][7][0][1]: 102
events[4][1][26][8][2][8][0][8][0][7][0][3]: 679349033173424
events[4][1][26][8][2][8][0][8][1][4]: 390730169655330
events[4][1][26][8][2][8][0][8][1][5]: 133
events[4][1][26][8][2][8][0][8][1][6][0][7]: 142155781110973
events[4][1][26][8][2][8][0][8][1][7][0][0]: 52
events[4][1][26][8][2][8][0][8][1][7][0][1]: 102
events[4][1][26][8][2][8][0][8][1][7][0][3]: 556803202447673
events[4][1][26][8][2][8][1][4]: 243855942448118
events[4][1][26][8][2][8][1][5]: 134
events[4][1][26][8][2][8][1][6][0][7]: 704202642432436
events[4][1][26][8][2][8][1][6][1][7]: 859368397804082
events[4][1][26][8][2][8][1][6][1][9][2][1][0]: 116
events[4][1][26][8][2][8][1][7][0][0]: 52
events[4][1][26][8][2][8][1][7][0][1]: 102
events[4][1][26][8][2][8][1][7][0][3]: 228472030731829
events[4][1][27][4]: 530508175565659
events[4][1][27][5]: 135
events[4][1][27][6][0][9][0][1][0]: 147
events[4][1][27][8][0][4]: 449721042005000
events[4][1][27][8][0][5]: 136
events[4][1][27][8][0][6][0][7]: 711638242528235
events[4][1][27][8][0][8][0][4]: 154525866267729
events[4][1][27][8][0][8][0][5]: 137
events[4][1][27][8][0][8][0][6][0][7]: 716054302400291
events[4][1][27][8][0][8][0][6][1][7]: 201796063458814
events[4][1][27][8][0][8][0][7][0][1]: 107
events[4][1][27][8][0][8][0][7][0][3]: 267349564349857
events[4][1][27][8][0][8][1][4]: 367414079887502
events[4][1][27][8][0][8][1][5]: 138
events[4][1][27][8][0][8][1][6][0][1]: 76
events[4][1][27][8][0][8][1][6][0][7]: 535330297641889
events[4][1][27][8][0][8][1][6][0][9][0][1][0]: 148
events[4][1][27][8][0][8][1][7][0][1]: 140
events[4][1][27][8][0][8][1][7][0][3]: 654366704049888
events[4][1][27][8][0][8][1][7][0][6][0][1][0]: 148
events[4][1][27][8][0][8][1][7][1][3]: 341718967251151
events[4][1][27][8][0][8][1][7][2][1]: 51
events[4][1][27][8][0][8][1][7][2][3]: 722486978134726
events[4][1][27][8][0][8][1][7][2][6][0][1][0]: 149
events[4][1][27][8][0][8][1][7][2][6][2][1][0]: 150
events[4][1][27][8][0][8][2][4]: 895848273891725
events[4][1][27][8][0][8][2][5]: 139
events[4][1][27][8][0][8][2][6][0][1]: 76
events[4][1][27][8][0][8][2][6][0][7]: 359018830192252
events[4][1][27][8][0][8][2][6][0][9][0][1][0]: 150
events[4][1][27][8][0][8][2][7][0][3]: 442597276338997
events[4][1][27][8][0][8][3][4]: 326362097079423
events[4][1][27][8][0][8][3][5]: 140
events[4][1][27][8][0][8][3][6][0][1]: 76
events[4][1][27][8][0][8][3][6][0][7]: 928993279469071
events[4][1][27][8][0][8][3][6][0][9][0][1][0]: 151
events[4][1][27][8][0][8][3][7][0][1]: 51
events[4][1][27][8][0][8][3][7][0][3]: 978068940237260
events[4][1][27][8][0][8][3][7][0][6][0][1][0]: 152
events[4][1][27][8][0][8][3][7][1][3]: 289509259559742
events[4][1][27][8][1][4]: 207272745776170
events[4][1][27][8][1][5]: 141
events[4][1][27][8][1][6][0][7]: 227659939737215
events[4][1][27][8][1][6][1][7]: 377857528428878
events[4][1][27][8][1][6][2][7]: 765283862365355
events[4][1][27][8][1][6][3][7]: 712092961118039
events[4][1][27][8][1][6][4][0]: 104
events[4][1][27][8][1][6][4][7]: 196710956661398
events[4][1][27][8][1][6][5][0]: 107
events[4][1][27][8][1][6][5][7]: 192160123008542
events[4][1][27][8][1][8][0][4]: 264325632962497
events[4][1][27][8][1][8][0][5]: 142
events[4][1][27][8][1][8][0][6][0][1]: 55
events[4][1][27][8][1][8][0][6][0][7]: 638075469472172
events[4][1][27][8][1][8][0][6][0][9][0][1][0]: 150
events[4][1][27][8][1][8][0][6][1][7]: 646881915916072
events[4][1][27][8][1][8][0][7][0][1]: 51
events[4][1][27][8][1][8][0][7][0][3]: 881477378718413
events[4][1][27][8][1][8][0][7][0][6][2][1][0]: 148
events[4][1][27][8][1][8][1][4]: 347904729817310
events[4][1][27][8][1][8][1][5]: 143
events[4][1][27][8][1][8][1][6][0][0]: 107
events[4][1][27][8][1][8][1][6][0][1]: 141
events[4][1][27][8][1][8][1][6][0][7]: 501059744888775
events[4][1][27][8][1][8][1][6][0][9][1][1][1][1]: 104
events[4][1][27][8][1][8][1][6][0][9][1][1][1][2]: 53
events[4][1][27][8][1][8][1][6][0][9][2][1][1][1]: 104
events[4][1][27][8][1][8][1][6][0][9][2][1][1][2]: 54
events[4][1][27][8][1][8][1][8][0][4]: 716854368222074
events[4][1][27][8][1][8][1][8][0][5]: 144
events[4][1][27][8][1][8][1][8][0][6][0][0]: 107
events[4][1][27][8][1][8][1][8][0][6][0][7]: 836334173933546
events[4][1][27][8][1][8][1][8][0][6][0][9][1][1][1][1]: 104
events[4][1][27][8][1][8][1][8][0][6][0][9][1][1][1][2]: 53
events[4][1][27][8][1][8][1][8][0][8][0][4]: 426456459692535
events[4][1][27][8][1][8][1][8][0][8][0][5]: 145
events[4][1][27][8][1][8][1][8][0][8][0][6][0][0]: 107
events[4][1][27][8][1][8][1][8][0][8][0][6][0][7]: 166743882126628
events[4][1][27][8][1][8][1][8][0][8][0][6][0][9][1][1][0]: 153
events[4][1][27][8][1][8][1][8][0][8][0][6][1][7]: 852005330621429
events[4][1][27][8][1][8][1][8][0][8][0][7][0][3]: 465431476670359
events[4][1][27][8][1][8][1][8][0][8][0][7][1][1]: 140
events[4][1][27][8][1][8][1][8][0][8][0][7][1][3]: 132774992350628
events[4][1][27][8][1][8][1][8][0][8][0][7][1][6][0][1][0]: 148
events[4][1][27][8][1][8][1][8][0][8][0][7][2][1]: 51
events[4][1][27][8][1][8][1][8][0][8][0][7][2][3]: 557079237573016
events[4][1][27][8][1][8][1][8][0][8][0][7][2][6][0][1][0]: 149
events[4][1][27][8][1][8][1][8][0][8][0][7][2][6][2][1][0]: 150
events[4][1][27][8][1][8][1][8][1][4]: 646781596647051
events[4][1][27][8][1][8][1][8][1][5]: 146
events[4][1][27][8][1][8][1][8][1][6][0][7]: 837102068090336
events[4][1][27][8][1][8][1][8][1][8][0][4]: 761243727335206
events[4][1][27][8][1][8][1][8][1][8][0][5]: 147
events[4][1][27][8][1][8][1][8][1][8][0][6][0][0]: 107
events[4][1][27][8][1][8][1][8][1][8][0][6][0][7]: 595443249778423
events[4][1][27][8][1][8][1][8][1][8][0][6][0][9][0][1][0]: 154
events[4][1][27][8][1][8][1][8][1][8][0][6][0][9][1][1][0]: 155
events[4][1][27][8][1][8][1][8][1][8][0][6][1][7]: 230467821244152
events[4][1][27][8][1][8][1][8][1][8][0][7][0][3]: 454519077247621
events[4][1][27][8][1][8][1][8][1][8][0][7][1][1]: 140
events[4][1][27][8][1][8][1][8][1][8][0][7][1][3]: 439226663640009
events[4][1][27][8][1][8][1][8][1][8][0][7][1][6][0][1][0]: 148
events[4][1][27][8][1][8][1][8][1][8][0][7][2][1]: 51
events[4][1][27][8][1][8][1][8][1][8][0][7][2][3]: 563918878632062
events[4][1][27][8][1][8][1][8][1][8][0][7][2][6][0][1][0]: 149
events[4][1][27][8][1][8][1][8][1][8][0][7][2][6][2][1][0]: 150
events[4][1][27][8][2][4]: 480065350305972
events[4][1][27][8][2][5]: 148
events[4][1][27][8][2][6][0][7]: 507810086253604
events[4][1][27][8][2][6][1][7]: 339588076034927
events[4][1][27][8][2][6][2][0]: 104
events[4][1][27][8][2][6][2][7]: 995871559365545
events[4][1][27][8][2][6][3][0]: 107
events[4][1][27][8][2][6][3][7]: 311430060076251
events[4][1][27][8][2][6][4][1]: 55
events[4][1][27][8][2][6][4][7]: 974700185191781
events[4][1][27][8][2][6][4][9][0][1][0]: 151
events[4][1][27][8][2][6][5][1]: 55
events[4][1][27][8][2][6][5][7]: 235349111413232
events[4][1][27][8][2][6][6][7]: 260720100234376
events[4][1][27][8][2][7][0][1]: 140
events[4][1][27][8][2][7][0][3]: 810834220139816
events[4][1][27][8][2][7][0][6][0][1][0]: 150
events[4][1][27][8][2][7][1][1]: 140
events[4][1][27][8][2][7][1][3]: 511296602576466
events[4][1][27][8][2][7][1][6][0][1][0]: 148
events[4][1][27][8][2][7][2][3]: 730756356680788
events[4][1][27][8][2][7][3][1]: 51
events[4][1][27][8][2][7][3][3]: 293160911737292
events[4][1][27][8][2][7][3][6][0][1][0]: 156
events[4][1][27][8][2][7][3][6][2][1][0]: 151
events[4][1][27][8][3][4]: 315262562975878
events[4][1][27][8][3][5]: 149
events[4][1][27][8][3][6][0][7]: 742093152555848
events[4][1][27][8][3][6][1][7]: 869852554292600
events[4][1][27][8][3][8][0][4]: 234440580382484
events[4][1][27][8][3][8][0][5]: 150
events[4][1][27][8][3][8][0][6][0][0]: 73
events[4][1][27][8][3][8][0][6][0][7]: 141372714351589
events[4][1][27][8][3][8][0][7][0][0]: 73
events[4][1][27][8][3][8][0][7][0][1]: 116
events[4][1][27][8][3][8][0][7][0][3]: 441868666778520
events[4][1][27][8][3][8][1][4]: 565870197847310
events[4][1][27][8][3][8][1][5]: 151
events[4][1][27][8][3][8][1][6][0][0]: 73
events[4][1][27][8][3][8][1][6][0][7]: 100580809255464
events[4][1][27][8][3][8][1][7][0][0]: 73
events[4][1][27][8][3][8][1][7][0][1]: 116
events[4][1][27][8][3][8][1][7][0][3]: 338336340730867
events[4][1][27][8][3][8][1][7][1][0]: 73
events[4][1][27][8][3][8][1][7][1][1]: 56
events[4][1][27][8][3][8][1][7][1][3]: 409819828193519
events[4][1][27][8][3][8][1][7][1][6][0][1][0]: 157
events[4][1][27][8][3][8][1][7][1][6][0][1][1][1]: 73
events[4][1][27][8][3][8][1][7][1][6][0][1][1][2]: 53
events[4][1][27][8][3][8][2][4]: 374465267481306
events[4][1][27][8][3][8][2][5]: 152
events[4][1][27][8][3][8][2][6][0][0]: 73
events[4][1][27][8][3][8][2][6][0][7]: 316513408643783
events[4][1][27][8][3][8][2][7][0][0]: 73
events[4][1][27][8][3][8][2][7][0][3]: 887577173785396
events[4][1][27][8][3][8][2][7][0][6][0][1][0]: 158
events[5][1][0][4]: 257286037967047
events[5][1][0][6][0][9][0][1][0]: 159
events[5][1][0][8][0][4]: 114652227592561
events[5][1][0][8][0][6][0][1]: 142
events[5][1][0][8][0][6][0][7]: 395316124724531
events[5][1][0][8][0][6][0][9][0][1][0]: 115
events[5][1][0][8][0][7][0][1]: 143
events[5][1][0][8][0][7][0][3]: 546610506957521
events[5][1][0][8][0][7][0][6][1][1][0]: 160
events[5][1][0][8][0][7][0][6][1][1][1][1]: 104
events[5][1][0][8][0][7][0][6][1][1][1][2]: 53
events[5][1][0][8][0][7][1][1]: 144
events[5][1][0][8][0][7][1][3]: 295624453473955
events[5][1][0][8][0][7][1][6][0][1][0]: 161
events[5][1][0][8][0][7][1][6][0][1][1][2]: 145
events[5][1][0][8][0][7][1][6][2][1][1][1]: 104
events[5][1][0][8][0][7][1][6][2][1][1][2]: 54
events[5][1][0][8][0][7][2][1]: 146
events[5][1][0][8][0][7][2][3]: 158456162916997
events[5][1][0][8][0][7][2][6][0][1][0]: 162
events[5][1][0][8][0][7][2][6][0][1][1][1]: 147
events[5][1][0][8][1][4]: 763934725885159
events[5][1][0][8][1][6][0][1]: 148
events[5][1][0][8][1][6][0][7]: 880291736088064
events[5][1][0][8][1][6][0][9][2][1][0]: 62
events[5][1][0][8][1][7][0][1]: 149
events[5][1][0][8][1][7][0][3]: 231005797831656
events[5][1][0][8][2][6]: 843020092725876
events[5][1][0][8][2][8]: 156
events[5][1][0][8][3][6]: 174319663190866
events[5][1][0][8][3][8]: 157
events[5][1][0][8][4][6]: 715445963225628
events[5][1][0][8][4][8]: 158
events[5][1][0][8][5][6]: 302578370038738
events[5][1][0][8][5][8]: 159
events[5][1][0][8][6][6]: 427487805537182
events[5][1][0][8][6][8]: 160
events[5][1][0][8][7][6]: 182216236209474
events[5][1][0][8][7][8]: 161
events[5][1][0][8][8][6]: 507124621418132
events[5][1][0][8][8][8]: 162
events[5][1][0][8][9][6]: 263265423652571
events[5][1][0][8][9][8]: 163
events[5][1][0][8][10][4]: 911257026357328
events[5][1][0][8][10][6][0][1]: 150
events[5][1][0][8][10][6][0][7]: 546848836570800
events[5][1][0][8][10][6][0][9][0][1][0]: 163
events[5][1][0][8][10][6][0][9][0][1][1][2]: 145
events[5][1][0][8][10][6][1][0]: 104
events[5][1][0][8][10][6][1][7]: 461721981279997
events[5][1][0][8][10][7][0][3]: 204685133855541
events[5][1][0][8][10][7][0][6][1][1][0]: 164
events[5][1][0][8][10][7][0][6][1][1][1][1]: 151
events[5][1][0][8][10][7][1][3]: 910424285571717
events[5][1][0][8][10][7][1][6][1][1][0]: 165
events[5][1][0][8][10][7][1][6][1][1][1][2]: 152
events[5][1][0][8][10][7][2][3]: 963006473893448
events[5][1][0][8][10][7][2][6][1][1][0]: 166
events[5][1][0][8][10][7][2][6][1][1][1][2]: 152
events[5][1][0][8][10][7][3][3]: 882220856902344
events[5][1][0][8][10][7][3][6][1][1][0]: 167
events[5][1][0][8][10][7][3][6][1][1][1][2]: 152
events[5][1][0][8][10][7][3][6][1][1][3][2]: 152
events[5][1][0][8][10][7][3][6][1][1][5][2]: 152
events[5][1][0][8][10][7][3][6][1][1][7][2]: 152
events[5][1][0][8][10][7][4][3]: 320473395944015
events[5][1][0][8][10][7][4][6][1][1][0]: 168
events[5][1][0][8][10][7][4][6][1][1][1][2]: 152
events[5][1][0][8][10][7][5][3]: 417211034263251
events[5][1][0][8][10][7][5][6][1][1][0]: 169
events[5][1][0][8][10][7][5][6][1][1][1][2]: 152
events[5][1][0][8][10][7][6][3]: 431114005130968
events[5][1][0][8][10][7][6][6][1][1][0]: 170
events[5][1][0][8][10][7][6][6][1][1][1][2]: 152
events[5][1][0][8][10][7][6][6][1][1][3][2]: 152
events[5][1][0][8][10][7][6][6][1][1][5][2]: 152
events[5][1][0][8][10][7][6][6][1][1][7][2]: 152
events[5][1][0][8][10][8][0][4]: 637263225269377
events[5][1][0][8][10][8][0][7][0][1]: 153
events[5][1][0][8][10][8][0][7][0][3]: 494574799019905
events[5][1][0][8][10][8][0][7][1][1]: 154
events[5][1][0][8][10][8][0][7][1][3]: 729436824539902
events[5][1][0][8][10][8][0][7][1][6][0][1][0]: 171
events[5][1][0][8][10][8][0][7][1][6][0][1][2][1]: 104
events[5][1][0][8][10][8][0][7][1][6][1][1][0]: 172
events[5][1][0][8][10][8][0][7][1][6][1][1][2][1]: 104
events[5][1][0][8][10][8][0][7][2][1]: 154
events[5][1][0][8][10][8][0][7][2][3]: 754384758143555
events[5][1][0][8][10][8][0][7][2][6][0][1][0]: 171
events[5][1][0][8][10][8][0][7][2][6][0][1][2][1]: 104
events[5][1][0][8][10][8][0][7][2][6][1][1][0]: 172
events[5][1][0][8][10][8][0][7][2][6][1][1][2][1]: 104
events[5][1][0][8][10][8][0][7][3][1]: 154
events[5][1][0][8][10][8][0][7][3][3]: 262332115378593
events[5][1][0][8][10][8][0][7][3][6][0][1][0]: 173
events[5][1][0][8][10][8][0][7][3][6][0][1][2][1]: 104
events[5][1][0][8][10][8][0][7][3][6][1][1][0]: 174
events[5][1][0][8][10][8][0][7][3][6][1][1][2][1]: 104
events[5][1][0][8][10][8][0][7][4][1]: 154
events[5][1][0][8][10][8][0][7][4][3]: 806475285182729
events[5][1][0][8][10][8][0][7][4][6][0][1][0]: 173
events[5][1][0][8][10][8][0][7][4][6][0][1][2][1]: 104
events[5][1][0][8][10][8][0][7][4][6][1][1][0]: 174
events[5][1][0][8][10][8][0][7][4][6][1][1][2][1]: 104
events[5][1][0][8][10][8][0][7][5][1]: 155
events[5][1][0][8][10][8][0][7][5][3]: 199183519851327
events[5][1][0][8][10][8][0][7][5][6][0][1][0]: 175
events[5][1][0][8][10][8][0][7][5][6][0][1][1][1]: 147
events[5][1][0][8][10][8][0][7][5][6][0][1][2][1]: 104
events[5][1][0][8][11][4]: 688674112379168
events[5][1][0][8][11][6][0][1]: 156
events[5][1][0][8][11][6][0][7]: 416822722074651
events[5][1][0][8][11][6][0][9][0][1][0]: 176
events[5][1][0][8][11][8][0][6]: 395604681028587
events[5][1][0][8][11][8][0][8]: 135
events[5][1][0][8][11][8][1][4]: 206947808690108
events[5][1][0][8][11][8][1][6][0][1]: 131
events[5][1][0][8][11][8][1][6][0][7]: 746878450388408
events[5][1][0][8][11][8][1][6][0][9][0][1][0]: 177
events[5][1][0][8][11][8][1][7][0][1]: 139
events[5][1][0][8][11][8][1][7][0][3]: 152040760617761
events[5][1][0][8][11][8][1][7][0][6][0][1][0]: 178
events[5][1][0][8][11][8][1][7][0][6][2][1][0]: 179
events[5][1][0][8][11][8][1][7][0][6][2][1][1][1]: 99
events[5][1][0][8][11][8][2][4]: 359827542629079
events[5][1][0][8][11][8][2][6][0][1]: 131
events[5][1][0][8][11][8][2][6][0][7]: 874231135491614
events[5][1][0][8][11][8][2][6][0][9][0][1][0]: 178
events[5][1][0][8][11][8][2][7][0][1]: 139
events[5][1][0][8][11][8][2][7][0][3]: 685929146886561
events[5][1][0][8][11][8][2][7][0][6][0][1][0]: 180
events[5][1][0][8][11][8][2][7][0][6][2][1][0]: 181
events[5][1][0][8][11][8][2][7][0][6][2][1][1][1]: 99
events[5][1][0][8][11][8][3][4]: 852893446494524
events[5][1][0][8][11][8][3][6][0][1]: 131
events[5][1][0][8][11][8][3][6][0][7]: 568714194249812
events[5][1][0][8][11][8][3][6][0][9][0][1][0]: 180
events[5][1][0][8][11][8][3][7][0][1]: 139
events[5][1][0][8][11][8][3][7][0][3]: 353235814367062
events[5][1][0][8][11][8][3][7][0][6][0][1][0]: 182
events[5][1][0][8][11][8][3][7][0][6][2][1][0]: 183
events[5][1][0][8][11][8][3][7][0][6][2][1][1][1]: 99
events[5][1][0][8][11][8][4][4]: 485824114198035
events[5][1][0][8][11][8][4][6][0][1]: 131
events[5][1][0][8][11][8][4][6][0][7]: 352615990571451
events[5][1][0][8][11][8][4][6][0][9][0][1][0]: 182
events[5][1][0][8][11][8][4][7][0][1]: 139
events[5][1][0][8][11][8][4][7][0][3]: 221127984922617
events[5][1][0][8][11][8][4][7][0][6][0][1][0]: 184
events[5][1][0][8][11][8][4][7][0][6][2][1][0]: 185
events[5][1][0][8][11][8][4][7][0][6][2][1][1][1]: 99
events[5][1][0][8][11][8][5][4]: 397224435442816
events[5][1][0][8][11][8][5][6][0][1]: 131
events[5][1][0][8][11][8][5][6][0][7]: 922232060102947
events[5][1][0][8][11][8][5][6][0][9][0][1][0]: 184
events[5][1][0][8][11][8][5][7][0][1]: 139
events[5][1][0][8][11][8][5][7][0][3]: 835780872394795
events[5][1][0][8][11][8][5][7][0][6][0][1][0]: 186
events[5][1][0][8][11][8][5][7][0][6][2][1][0]: 187
events[5][1][0][8][11][8][5][7][0][6][2][1][1][1]: 99
events[5][1][0][8][11][8][6][4]: 130464026679155
events[5][1][0][8][11][8][6][6][0][1]: 131
events[5][1][0][8][11][8][6][6][0][7]: 420593664922555
events[5][1][0][8][11][8][6][6][0][9][0][1][0]: 186
events[5][1][0][8][11][8][6][7][0][1]: 139
events[5][1][0][8][11][8][6][7][0][3]: 818281186329480
events[5][1][0][8][11][8][6][7][0][6][0][1][0]: 188
events[5][1][0][8][11][8][6][7][0][6][2][1][0]: 189
events[5][1][0][8][11][8][6][7][0][6][2][1][1][1]: 99
events[5][1][0][8][11][8][7][4]: 469891185657079
events[5][1][0][8][11][8][7][6][0][1]: 131
events[5][1][0][8][11][8][7][6][0][7]: 182478997297001
events[5][1][0][8][11][8][7][6][0][9][0][1][0]: 188
events[5][1][0][8][11][8][7][7][0][1]: 139
events[5][1][0][8][11][8][7][7][0][3]: 193857561814062
events[5][1][0][8][11][8][7][7][0][6][0][1][0]: 177
events[5][1][0][8][11][8][7][7][0][6][2][1][0]: 190
events[5][1][0][8][11][8][7][7][0][6][2][1][1][1]: 99
events[5][1][0][8][11][8][8][4]: 874537592541057
events[5][1][0][8][11][8][8][6][0][7]: 618752200904904
events[5][1][0][8][11][8][8][7][0][1]: 139
events[5][1][0][8][11][8][8][7][0][3]: 576555390058148
events[5][1][0][8][11][8][8][7][0][6][0][1][0]: 178
events[5][1][0][8][11][8][8][7][0][6][2][1][0]: 179
events[5][1][0][8][11][8][8][7][0][6][2][1][1][1]: 99
events[6][1][0][4]: 956453493758386
events[6][1][0][6][0][9][0][1][0]: 191
events[6][1][0][8][0][6]: 742416866043478
events[6][1][0][8][0][8]: 164
events[6][1][0][8][1][6]: 849531964858953
events[6][1][0][8][1][8]: 165
events[6][1][0][8][2][6]: 347139371839372
events[6][1][0][8][2][8]: 166
events[6][1][0][8][3][6]: 274951061636774
events[6][1][0][8][3][8]: 167
events[6][1][0][8][4][6]: 174776722011300
events[6][1][0][8][4][8]: 168
events[6][1][0][8][5][6]: 622506128811027
events[6][1][0][8][5][8]: 169
events[6][1][0][8][6][6]: 565732277731813
events[6][1][0][8][6][8]: 170
events[6][1][0][8][7][4]: 540770498405480
events[6][1][0][8][7][6][0][7]: 359764889336009
events[6][1][0][8][7][7][0][3]: 276926334299341
events[6][1][0][8][7][7][1][3]: 199175216613942
events[6][1][0][8][7][7][2][3]: 632663787920614
events[6][1][0][8][7][7][2][6][1][1][0]: 65
events[6][1][0][8][7][7][3][3]: 769877089534004
events[6][1][0][8][7][7][4][3]: 714826707419554
events[6][1][0][8][7][7][5][3]: 162994352768924
events[6][1][0][8][7][7][6][1]: 72
events[6][1][0][8][7][7][6][3]: 511969153524805
events[6][1][0][8][7][7][7][1]: 124
events[6][1][0][8][7][7][7][3]: 406341147910603
events[6][1][0][8][7][7][8][1]: 121
events[6][1][0][8][7][7][8][3]: 857274338095309
events[6][1][0][8][7][7][8][6][0][1][0]: 143
events[6][1][0][8][7][7][8][6][1][1][0]: 192
events[6][1][0][8][7][7][9][0]: 50
events[6][1][0][8][7][7][9][1]: 78
events[6][1][0][8][7][7][9][3]: 705290066214414
events[6][1][0][8][7][7][9][6][0][1][0]: 193
events[6][1][0][8][7][7][9][6][0][1][1][1]: 88
events[6][1][0][8][7][7][9][6][0][1][2][1]: 89
events[6][1][0][8][7][7][9][6][1][1][0]: 193
events[6][1][0][8][7][7][9][6][1][1][1][1]: 91
events[6][1][0][8][7][7][9][6][1][1][2][1]: 86
events[6][1][0][8][7][7][10][0]: 50
events[6][1][0][8][7][7][10][1]: 60
events[6][1][0][8][7][7][10][3]: 794744499737912
events[6][1][0][8][7][7][10][6][0][1][0]: 143
events[6][1][0][8][7][7][10][6][1][1][0]: 192
events[6][1][0][8][7][7][11][0]: 50
events[6][1][0][8][7][7][11][1]: 157
events[6][1][0][8][7][7][11][3]: 539260649965305
events[6][1][0][8][7][8][0][4]: 433098845719659
events[6][1][0][8][7][8][0][6][0][7]: 319494658650602
events[6][1][0][8][7][8][0][6][0][9][0][1][0]: 108
events[6][1][0][8][7][8][0][7][0][3]: 338612316711468
events[6][1][0][8][7][8][0][7][1][3]: 519926140008140
events[6][1][0][8][7][8][0][7][2][3]: 348584287341001
events[6][1][0][8][7][8][0][7][3][3]: 898201030504401
events[6][1][0][8][7][8][0][7][4][3]: 447866254839180
events[6][1][0][8][7][8][1][4]: 550218774964454
events[6][1][0][8][7][8][1][6][0][7]: 581786005262591
events[6][1][0][8][7][8][1][7][0][3]: 756403539399700
events[6][1][0][8][7][8][1][7][0][6][1][1][0]: 194
events[6][1][0][8][7][8][1][7][0][6][1][1][1][1]: 96
events[6][1][0][8][7][8][1][7][0][6][1][1][2][1]: 94
events[6][1][0][8][7][8][1][7][0][6][1][1][3][1]: 96
events[6][1][0][8][7][8][1][7][1][3]: 324180225076448
events[6][1][0][8][7][8][1][7][1][6][1][1][0]: 195
events[6][1][0][8][7][8][1][7][1][6][1][1][1][1]: 96
events[6][1][0][8][7][8][1][7][1][6][1][1][2][1]: 94
events[6][1][0][8][7][8][1][7][2][3]: 301739695132046
events[6][1][0][8][7][8][1][7][2][6][1][1][0]: 196
events[6][1][0][8][7][8][1][7][2][6][1][1][2][1]: 96
events[6][1][0][8][7][8][1][7][2][6][1][1][3][1]: 96
events[6][1][0][8][7][8][1][7][2][6][1][1][4][1]: 96
events[6][1][0][8][7][8][1][7][2][6][1][1][5][1]: 94
events[6][1][0][8][7][8][1][7][3][3]: 323324992585309
events[6][1][0][8][7][8][1][7][3][6][1][1][0]: 197
events[6][1][0][8][7][8][1][7][3][6][1][1][1][1]: 96
events[6][1][0][8][7][8][1][7][3][6][1][1][2][1]: 94
events[6][1][0][8][7][8][1][7][4][3]: 137159986773889
events[6][1][0][8][7][8][1][7][4][6][1][1][0]: 198
events[6][1][0][8][7][8][1][7][4][6][1][1][1][1]: 96
events[6][1][0][8][7][8][2][4]: 730592326514494
events[6][1][0][8][7][8][2][6][0][1]: 115
events[6][1][0][8][7][8][2][6][0][7]: 804397799785687
events[6][1][0][8][7][8][2][6][0][9][0][1]: 84
events[6][1][0][8][7][8][2][8][0][4]: 580261258922446
events[6][1][0][8][7][8][2][8][0][6][0][0]: 74
events[6][1][0][8][7][8][2][8][0][6][0][7]: 179665556052633
events[6][1][0][8][7][8][2][8][0][6][0][9][2][1][1][1]: 84
events[6][1][0][8][7][8][2][8][0][7][0][0]: 84
events[6][1][0][8][7][8][2][8][0][7][0][1]: 77
events[6][1][0][8][7][8][2][8][0][7][0][3]: 878562757243756
events[6][1][0][8][7][8][2][8][0][7][0][6][0][1]: 74
events[6][1][0][8][7][8][3][4]: 885981868895236
events[6][1][0][8][7][8][3][6][0][1]: 115
events[6][1][0][8][7][8][3][6][0][7]: 843046400515064
events[6][1][0][8][7][8][3][6][0][9][0][1]: 86
events[6][1][0][8][7][8][3][8][0][4]: 240478161813757
events[6][1][0][8][7][8][3][8][0][6][0][7]: 131075951075554
events[6][1][0][8][7][8][3][8][0][7][0][0]: 86
events[6][1][0][8][7][8][3][8][0][7][0][1]: 56
events[6][1][0][8][7][8][3][8][0][7][0][3]: 135989481866635
events[6][1][0][8][7][8][3][8][0][7][0][6][0][1][0]: 199
events[6][1][0][8][7][8][3][8][0][7][0][6][0][1][1][1]: 86
events[6][1][0][8][7][8][3][8][0][7][0][6][0][1][1][2]: 53
events[6][1][0][8][7][8][3][8][0][7][0][6][0][1][2][1]: 86
events[6][1][0][8][7][8][3][8][1][4]: 304752559086373
events[6][1][0][8][7][8][3][8][1][6][0][0]: 74
events[6][1][0][8][7][8][3][8][1][6][0][7]: 769128056032344
events[6][1][0][8][7][8][3][8][1][6][0][9][2][1][1][1]: 86
events[6][1][0][8][7][8][3][8][1][7][0][0]: 86
events[6][1][0][8][7][8][3][8][1][7][0][1]: 77
events[6][1][0][8][7][8][3][8][1][7][0][3]: 951941254419502
events[6][1][0][8][7][8][3][8][1][7][0][6][0][1]: 74
events[6][1][0][8][7][8][4][4]: 165890832831200
events[6][1][0][8][7][8][4][7][0][0]: 70
events[6][1][0][8][7][8][4][7][0][1]: 102
events[6][1][0][8][7][8][4][7][0][3]: 204966429813468
events[6][1][0][8][7][8][4][7][1][0]: 77
events[6][1][0][8][7][8][4][7][1][1]: 102
events[6][1][0][8][7][8][4][7][1][3]: 254066171379944
events[6][1][0][8][7][8][4][7][2][0]: 78
events[6][1][0][8][7][8][4][7][2][1]: 102
events[6][1][0][8][7][8][4][7][2][3]: 980036158208258
events[6][1][0][8][7][8][4][7][3][0]: 79
events[6][1][0][8][7][8][4][7][3][1]: 102
events[6][1][0][8][7][8][4][7][3][3]: 905165777345535
events[6][1][0][8][7][8][4][8][0][4]: 105199123200601
events[6][1][0][8][7][8][4][8][0][6][0][7]: 928763252126508
events[6][1][0][8][7][8][4][8][0][7][0][3]: 620185249622621
events[6][1][0][8][7][8][4][8][0][7][0][6][1][1][0]: 200
events[6][1][0][8][7][8][4][8][0][7][0][6][1][1][2][1]: 158
events[6][1][0][8][7][8][4][8][0][7][1][1]: 118
events[6][1][0][8][7][8][4][8][0][7][1][3]: 881289202374713
events[6][1][0][8][7][8][4][8][1][4]: 547318712222429
events[6][1][0][8][7][8][4][8][1][6][0][7]: 510723082983548
events[6][1][0][8][7][8][4][8][1][6][1][7]: 117392659516172
events[6][1][0][8][7][8][4][8][1][7][0][3]: 775911987662707
events[6][1][0][8][7][8][4][8][1][7][0][6][1][1][0]: 201
events[6][1][0][8][7][8][4][8][1][7][0][6][1][1][2][1]: 158
events[6][1][0][8][7][8][4][8][1][7][1][1]: 118
events[6][1][0][8][7][8][4][8][1][7][1][3]: 176118281034990
events[6][1][0][8][7][8][5][4]: 610278463514342
events[6][1][0][8][7][8][5][6][0][7]: 113997363114174
events[6][1][0][8][7][8][5][7][0][1]: 159
events[6][1][0][8][7][8][5][7][0][3]: 869311593017902
events[6][1][0][8][7][8][5][7][1][0]: 61
events[6][1][0][8][7][8][5][7][1][1]: 97
events[6][1][0][8][7][8][5][7][1][3]: 465237530561644
events[6][1][0][8][7][8][5][7][2][3]: 973899054070621
events[6][1][0][8][7][8][5][7][2][6][1][1][0]: 202
events[6][1][0][8][7][8][5][7][3][3]: 842424014611554
events[6][1][0][8][7][8][5][7][3][6][1][1][0]: 203
events[6][1][0][8][7][8][5][7][4][3]: 781580439597365
events[6][1][0][8][7][8][5][7][5][0]: 66
events[6][1][0][8][7][8][5][7][5][1]: 97
events[6][1][0][8][7][8][5][7][5][3]: 463017219273664
events[6][1][0][8][7][8][5][7][6][0]: 93
events[6][1][0][8][7][8][5][7][6][1]: 97
events[6][1][0][8][7][8][5][7][6][3]: 687357006462483
events[6][1][0][8][7][8][5][7][7][0]: 69
events[6][1][0][8][7][8][5][7][7][1]: 107
events[6][1][0][8][7][8][5][7][7][3]: 459327855434658
events[6][1][0][8][7][8][5][7][8][0]: 67
events[6][1][0][8][7][8][5][7][8][1]: 97
events[6][1][0][8][7][8][5][7][8][3]: 220960315743669
events[6][1][0][8][7][8][5][7][9][0]: 68
events[6][1][0][8][7][8][5][7][9][1]: 107
events[6][1][0][8][7][8][5][7][9][3]: 473087239237610
events[6][1][0][8][7][8][5][7][10][0]: 89
events[6][1][0][8][7][8][5][7][10][1]: 97
events[6][1][0][8][7][8][5][7][10][3]: 128956447273169
events[6][1][0][8][7][8][5][7][11][0]: 96
events[6][1][0][8][7][8][5][7][11][1]: 107
events[6][1][0][8][7][8][5][7][11][3]: 734588097097763
events[6][1][0][8][7][8][5][7][12][0]: 90
events[6][1][0][8][7][8][5][7][12][1]: 97
events[6][1][0][8][7][8][5][7][12][3]: 510785169293731
events[6][1][0][8][7][8][5][7][13][0]: 91
events[6][1][0][8][7][8][5][7][13][1]: 97
events[6][1][0][8][7][8][5][7][13][3]: 399057068531659
events[6][1][0][8][7][8][5][7][14][0]: 97
events[6][1][0][8][7][8][5][7][14][1]: 97
events[6][1][0][8][7][8][5][7][14][3]: 547588567723071
events[6][1][0][8][7][8][5][7][15][0]: 98
events[6][1][0][8][7][8][5][7][15][1]: 107
events[6][1][0][8][7][8][5][7][15][3]: 467845328041054
events[6][1][0][8][7][8][6][4]: 801187896773351
events[6][1][0][8][7][8][6][6][0][7]: 626959118332555
events[6][1][0][8][7][8][6][6][1][7]: 490417162986825
events[6][1][0][8][7][8][6][7][0][3]: 235752225689298
events[6][1][0][8][7][8][6][7][0][6][1][1][0]: 204
events[6][1][0][8][7][8][6][7][0][6][1][1][2][1]: 158
events[6][1][0][8][7][8][6][7][1][1]: 118
events[6][1][0][8][7][8][6][7][1][3]: 701463472694720
events[6][1][0][8][7][8][6][7][2][0]: 88
events[6][1][0][8][7][8][6][7][2][1]: 100
events[6][1][0][8][7][8][6][7][2][3]: 748249925031414
events[6][1][0][8][7][8][6][7][2][6][0][1][0]: 205
events[6][1][0][8][7][8][6][7][2][6][0][1][1][1]: 99
events[6][1][0][8][7][8][6][7][3][3]: 153164966450044
events[6][1][0][8][7][8][6][7][4][0]: 66
events[6][1][0][8][7][8][6][7][4][1]: 97
events[6][1][0][8][7][8][6][7][4][3]: 625582797570642
events[6][1][0][8][7][8][6][7][5][0]: 93
events[6][1][0][8][7][8][6][7][5][1]: 97
events[6][1][0][8][7][8][6][7][5][3]: 748492446383842
events[6][1][0][8][7][8][6][7][6][1]: 97
events[6][1][0][8][7][8][6][7][6][3]: 498795795627104
events[6][1][0][8][7][8][6][7][7][1]: 100
events[6][1][0][8][7][8][6][7][7][3]: 559135859190582
events[6][1][0][8][7][8][6][7][7][6][0][1][0]: 206
events[6][1][0][8][7][8][6][7][8][1]: 103
events[6][1][0][8][7][8][6][7][8][3]: 201145002037929
events[6][1][0][8][7][8][6][7][8][6][0][1][0]: 207
events[6][1][0][8][7][8][6][7][8][6][0][1][1][1]: 99
events[6][1][0][8][7][8][6][7][9][3]: 203609212277004
events[6][1][0][8][7][8][6][7][10][1]: 103
events[6][1][0][8][7][8][6][7][10][3]: 329396605550907
events[6][1][0][8][7][8][6][7][10][6][0][1][0]: 207
events[6][1][0][8][7][8][6][7][10][6][0][1][1][1]: 99
events[6][1][0][8][7][8][6][7][11][3]: 255290451261448
events[6][1][0][8][7][8][6][7][11][6][1][1][0]: 208
events[6][1][0][8][7][8][6][7][12][3]: 400960807838100
events[6][1][0][8][7][8][6][7][12][6][1][1][0]: 209
events[6][1][0][8][7][8][6][7][13][3]: 788340281206741
events[6][1][0][8][7][8][6][7][13][6][1][1][0]: 203
events[6][1][0][8][7][8][6][7][14][3]: 836097743210310
events[6][1][0][8][7][8][6][7][15][0]: 89
events[6][1][0][8][7][8][6][7][15][1]: 97
events[6][1][0][8][7][8][6][7][15][3]: 921079151438397
events[6][1][0][8][7][8][6][7][16][0]: 96
events[6][1][0][8][7][8][6][7][16][1]: 107
events[6][1][0][8][7][8][6][7][16][3]: 755954602790306
events[6][1][0][8][7][8][6][7][17][3]: 719771706136832
events[6][1][0][8][7][8][6][7][18][0]: 90
events[6][1][0][8][7][8][6][7][18][1]: 97
events[6][1][0][8][7][8][6][7][18][3]: 520635472650029
events[6][1][0][8][7][8][6][7][19][0]: 91
events[6][1][0][8][7][8][6][7][19][1]: 97
events[6][1][0][8][7][8][6][7][19][3]: 579881668432349
events[6][1][0][8][7][8][6][7][20][0]: 69
events[6][1][0][8][7][8][6][7][20][1]: 107
events[6][1][0][8][7][8][6][7][20][3]: 499474153395507
events[6][1][0][8][7][8][6][7][21][0]: 67
events[6][1][0][8][7][8][6][7][21][1]: 97
events[6][1][0][8][7][8][6][7][21][3]: 432912405143221
events[6][1][0][8][7][8][6][7][22][0]: 68
events[6][1][0][8][7][8][6][7][22][1]: 107
events[6][1][0][8][7][8][6][7][22][3]: 675357664437065
events[6][1][0][8][7][8][6][7][23][1]: 97
events[6][1][0][8][7][8][6][7][23][3]: 324833817869931
events[6][1][0][8][7][8][6][7][24][0]: 62
events[6][1][0][8][7][8][6][7][24][1]: 97
events[6][1][0][8][7][8][6][7][24][3]: 737672411149966
events[6][1][0][8][7][8][6][7][25][0]: 63
events[6][1][0][8][7][8][6][7][25][1]: 97
events[6][1][0][8][7][8][6][7][25][3]: 234232817494037
events[6][1][0][8][7][8][6][7][26][0]: 98
events[6][1][0][8][7][8][6][7][26][1]: 107
events[6][1][0][8][7][8][6][7][26][3]: 272241853851582
events[6][1][0][8][7][8][6][7][27][1]: 97
events[6][1][0][8][7][8][6][7][27][3]: 993356859531007
events[6][1][0][8][7][8][6][7][28][1]: 97
events[6][1][0][8][7][8][6][7][28][3]: 690727501517834
events[6][1][0][8][7][8][6][7][29][1]: 74
events[6][1][0][8][7][8][6][7][29][3]: 394063510943361
events[6][1][0][8][7][8][6][7][30][1]: 98
events[6][1][0][8][7][8][6][7][30][3]: 614997342162917
events[6][1][0][8][7][8][6][7][30][6][1][1][0]: 210
events[6][1][0][8][7][8][6][7][30][6][1][1][1][1]: 99
events[6][1][0][8][7][8][6][8][0][4]: 580168408267646
events[6][1][0][8][7][8][6][8][0][6][0][7]: 999939404143822
events[6][1][0][8][7][8][6][8][0][6][1][7]: 746321653657940
events[6][1][0][8][7][8][6][8][0][7][0][1]: 160
events[6][1][0][8][7][8][6][8][0][7][0][3]: 976133194744146
events[6][1][0][8][7][8][7][4]: 820179838908346
events[6][1][0][8][7][8][7][6][0][7]: 819440457440282
events[6][1][0][8][7][8][7][6][1][7]: 516175671610466
events[6][1][0][8][7][8][7][7][0][0]: 97
events[6][1][0][8][7][8][7][7][0][1]: 97
events[6][1][0][8][7][8][7][7][0][3]: 421842013598440
events[6][1][0][8][7][8][7][7][1][1]: 118
events[6][1][0][8][7][8][7][7][1][3]: 430804160990001
events[6][1][0][8][7][8][7][7][2][0]: 88
events[6][1][0][8][7][8][7][7][2][1]: 97
events[6][1][0][8][7][8][7][7][2][3]: 910468859047740
events[6][1][0][8][7][8][7][7][3][0]: 90
events[6][1][0][8][7][8][7][7][3][1]: 97
events[6][1][0][8][7][8][7][7][3][3]: 821534519893009
events[6][1][0][8][7][8][7][7][4][0]: 91
events[6][1][0][8][7][8][7][7][4][1]: 97
events[6][1][0][8][7][8][7][7][4][3]: 369048765465504
events[6][1][0][8][7][8][7][7][5][0]: 93
events[6][1][0][8][7][8][7][7][5][1]: 97
events[6][1][0][8][7][8][7][7][5][3]: 821182906598460
events[6][1][0][8][7][8][7][7][6][1]: 159
events[6][1][0][8][7][8][7][7][6][3]: 257559951875506
events[6][1][0][8][7][8][7][7][7][0]: 61
events[6][1][0][8][7][8][7][7][7][1]: 97
events[6][1][0][8][7][8][7][7][7][3]: 944910735962622
events[6][1][0][8][7][8][7][7][8][1]: 97
events[6][1][0][8][7][8][7][7][8][3]: 779152263258759
events[6][1][0][8][7][8][7][7][9][3]: 491020490145121
events[6][1][0][8][7][8][7][7][9][6][1][1][0]: 202
events[6][1][0][8][7][8][7][7][10][3]: 405889529842202
events[6][1][0][8][7][8][7][7][10][6][1][1][0]: 203
events[6][1][0][8][7][8][7][7][11][3]: 770668402894029
events[6][1][0][8][7][8][7][7][12][1]: 103
events[6][1][0][8][7][8][7][7][12][3]: 274538101787611
events[6][1][0][8][7][8][7][7][12][6][0][1][0]: 124
events[6][1][0][8][7][8][7][7][12][6][0][1][1][1]: 99
events[6][1][0][8][7][8][7][7][13][1]: 103
events[6][1][0][8][7][8][7][7][13][3]: 239550021095243
events[6][1][0][8][7][8][7][7][13][6][0][1][0]: 124
events[6][1][0][8][7][8][7][7][13][6][0][1][1][1]: 99
events[6][1][0][8][7][8][7][7][14][1]: 97
events[6][1][0][8][7][8][7][7][14][3]: 486798682792909
events[6][1][0][8][7][8][7][7][15][1]: 97
events[6][1][0][8][7][8][7][7][15][3]: 328731027567305
events[6][1][0][8][7][8][7][7][16][1]: 97
events[6][1][0][8][7][8][7][7][16][3]: 234188068107298
events[6][1][0][8][7][8][7][7][17][0]: 62
events[6][1][0][8][7][8][7][7][17][1]: 97
events[6][1][0][8][7][8][7][7][17][3]: 133316122787588
events[6][1][0][8][7][8][7][7][18][0]: 63
events[6][1][0][8][7][8][7][7][18][1]: 97
events[6][1][0][8][7][8][7][7][18][3]: 605946069994689
events[6][1][0][8][7][8][7][7][19][1]: 97
events[6][1][0][8][7][8][7][7][19][3]: 817830493547274
events[6][1][0][8][7][8][7][7][20][0]: 89
events[6][1][0][8][7][8][7][7][20][1]: 97
events[6][1][0][8][7][8][7][7][20][3]: 775844640952882
events[6][1][0][8][7][8][7][7][21][0]: 96
events[6][1][0][8][7][8][7][7][21][1]: 107
events[6][1][0][8][7][8][7][7][21][3]: 869450888315389
events[6][1][0][8][7][8][7][7][22][3]: 630627717822145
events[6][1][0][8][7][8][7][7][23][1]: 74
events[6][1][0][8][7][8][7][7][23][3]: 116977229920918
events[6][1][0][8][7][8][7][7][24][1]: 98
events[6][1][0][8][7][8][7][7][24][3]: 736391687143603
events[6][1][0][8][7][8][7][7][24][6][1][1][0]: 211
events[6][1][0][8][7][8][7][7][24][6][1][1][1][1]: 99
events[6][1][0][8][7][8][7][7][25][1]: 100
events[6][1][0][8][7][8][7][7][25][3]: 600043185088949
events[6][1][0][8][7][8][7][7][25][6][0][1][0]: 212
events[6][1][0][8][7][8][7][7][25][6][0][1][1][1]: 99
events[6][1][0][8][7][8][8][4]: 401917153264415
events[6][1][0][8][7][8][8][6][0][7]: 694237648029613
events[6][1][0][8][7][8][8][6][1][7]: 287467878081469
events[6][1][0][8][7][8][8][7][0][0]: 97
events[6][1][0][8][7][8][8][7][0][1]: 97
events[6][1][0][8][7][8][8][7][0][3]: 202649800334005
events[6][1][0][8][7][8][8][7][1][1]: 118
events[6][1][0][8][7][8][8][7][1][3]: 992755025052616
events[6][1][0][8][7][8][8][7][2][0]: 88
events[6][1][0][8][7][8][8][7][2][1]: 100
events[6][1][0][8][7][8][8][7][2][3]: 504033199309204
events[6][1][0][8][7][8][8][7][2][6][0][1][0]: 213
events[6][1][0][8][7][8][8][7][2][6][0][1][1][1]: 99
events[6][1][0][8][7][8][8][7][3][3]: 612362874436062
events[6][1][0][8][7][8][8][7][3][6][1][1][0]: 202
events[6][1][0][8][7][8][8][7][4][3]: 121037438137912
events[6][1][0][8][7][8][8][7][4][6][1][1][0]: 203
events[6][1][0][8][7][8][8][7][5][3]: 106940773073673
events[6][1][0][8][7][8][8][7][6][1]: 103
events[6][1][0][8][7][8][8][7][6][3]: 145268499697248
events[6][1][0][8][7][8][8][7][6][6][0][1][0]: 214
events[6][1][0][8][7][8][8][7][6][6][0][1][1][1]: 99
events[6][1][0][8][7][8][8][7][7][1]: 103
events[6][1][0][8][7][8][8][7][7][3]: 779870569501190
events[6][1][0][8][7][8][8][7][7][6][0][1][0]: 214
events[6][1][0][8][7][8][8][7][7][6][0][1][1][1]: 99
events[6][1][0][8][7][8][8][7][8][1]: 159
events[6][1][0][8][7][8][8][7][8][3]: 835796121592613
events[6][1][0][8][7][8][8][7][9][0]: 61
events[6][1][0][8][7][8][8][7][9][1]: 97
events[6][1][0][8][7][8][8][7][9][3]: 651246211761111
events[6][1][0][8][7][8][8][7][10][0]: 66
events[6][1][0][8][7][8][8][7][10][1]: 97
events[6][1][0][8][7][8][8][7][10][3]: 885659242589557
events[6][1][0][8][7][8][8][7][11][0]: 69
events[6][1][0][8][7][8][8][7][11][1]: 107
events[6][1][0][8][7][8][8][7][11][3]: 725464659479107
events[6][1][0][8][7][8][8][7][12][0]: 67
events[6][1][0][8][7][8][8][7][12][1]: 97
events[6][1][0][8][7][8][8][7][12][3]: 746568674398138
events[6][1][0][8][7][8][8][7][13][0]: 68
events[6][1][0][8][7][8][8][7][13][1]: 107
events[6][1][0][8][7][8][8][7][13][3]: 170830588738578
events[6][1][0][8][7][8][8][7][14][1]: 97
events[6][1][0][8][7][8][8][7][14][3]: 702512170664544
events[6][1][0][8][7][8][8][7][15][1]: 97
events[6][1][0][8][7][8][8][7][15][3]: 841066071318437
events[6][1][0][8][7][8][8][7][16][1]: 97
events[6][1][0][8][7][8][8][7][16][3]: 569894797761798
events[6][1][0][8][7][8][8][7][17][0]: 98
events[6][1][0][8][7][8][8][7][17][1]: 107
events[6][1][0][8][7][8][8][7][17][3]: 139227200556767
events[6][1][0][8][7][8][8][7][18][1]: 97
events[6][1][0][8][7][8][8][7][18][3]: 794326757731007
events[6][1][0][8][7][8][8][7][19][0]: 62
events[6][1][0][8][7][8][8][7][19][1]: 97
events[6][1][0][8][7][8][8][7][19][3]: 194997545509963
events[6][1][0][8][7][8][8][7][20][0]: 63
events[6][1][0][8][7][8][8][7][20][1]: 97
events[6][1][0][8][7][8][8][7][20][3]: 349642237169909
events[6][1][0][8][7][8][8][7][21][1]: 97
events[6][1][0][8][7][8][8][7][21][3]: 586017990825770
events[6][1][0][8][7][8][8][7][22][1]: 97
events[6][1][0][8][7][8][8][7][22][3]: 724358229291689
events[6][1][0][8][7][8][8][7][23][1]: 74
events[6][1][0][8][7][8][8][7][23][3]: 735851544950046
events[6][1][0][8][7][8][8][7][24][1]: 98
events[6][1][0][8][7][8][8][7][24][3]: 818238932388417
events[6][1][0][8][7][8][8][7][24][6][1][1][0]: 215
events[6][1][0][8][7][8][8][7][24][6][1][1][1][1]: 99
events[6][1][0][8][7][8][9][4]: 676048785017342
events[6][1][0][8][7][8][9][6][0][7]: 925036354271151
events[6][1][0][8][7][8][9][7][0][3]: 524525645176153
events[6][1][0][8][7][8][9][7][0][6][1][1][0]: 216
events[6][1][0][8][7][8][9][7][0][6][1][1][2][1]: 158
events[6][1][0][8][7][8][9][7][1][1]: 118
events[6][1][0][8][7][8][9][7][1][3]: 503844909213121
events[6][1][0][8][7][8][9][7][2][1]: 57
events[6][1][0][8][7][8][9][7][2][3]: 625702497044122
events[6][1][0][8][7][8][9][7][2][6][0][1][0]: 217
events[6][1][0][8][7][8][9][7][3][1]: 57
events[6][1][0][8][7][8][9][7][3][3]: 119003149932102
events[6][1][0][8][7][8][9][7][3][6][0][1][0]: 217
events[6][1][0][8][7][8][9][7][4][1]: 57
events[6][1][0][8][7][8][9][7][4][3]: 464484053459446
events[6][1][0][8][7][8][9][7][4][6][0][1][0]: 217
events[6][1][0][8][7][8][9][7][5][1]: 57
events[6][1][0][8][7][8][9][7][5][3]: 894596713742362
events[6][1][0][8][7][8][9][7][5][6][0][1][0]: 217
events[6][1][0][8][7][8][9][7][6][1]: 57
events[6][1][0][8][7][8][9][7][6][3]: 712217590415207
events[6][1][0][8][7][8][9][7][6][6][0][1][0]: 217
events[6][1][0][8][7][8][9][7][7][1]: 57
events[6][1][0][8][7][8][9][7][7][3]: 711749850779713
events[6][1][0][8][7][8][9][7][7][6][0][1][0]: 217
events[6][1][0][8][7][8][9][7][8][1]: 161
events[6][1][0][8][7][8][9][7][8][3]: 941127370919313
events[6][1][0][8][7][8][9][7][8][6][0][1][0]: 163
events[6][1][0][8][7][8][9][7][8][6][0][1][1][2]: 54
events[6][1][0][8][7][8][9][7][9][1]: 161
events[6][1][0][8][7][8][9][7][9][3]: 992899747798489
events[6][1][0][8][7][8][9][7][9][6][0][1][0]: 218
events[6][1][0][8][7][8][9][7][9][6][0][1][1][2]: 54
events[6][1][0][8][7][8][9][7][10][1]: 161
events[6][1][0][8][7][8][9][7][10][3]: 308375387031561
events[6][1][0][8][7][8][9][7][10][6][0][1][0]: 218
events[6][1][0][8][7][8][9][7][10][6][0][1][1][2]: 54
events[6][1][0][8][7][8][9][7][11][1]: 161
events[6][1][0][8][7][8][9][7][11][3]: 556658908925162
events[6][1][0][8][7][8][9][7][11][6][0][1][0]: 218
events[6][1][0][8][7][8][9][7][11][6][0][1][1][2]: 54
events[6][1][0][8][7][8][9][7][12][1]: 161
events[6][1][0][8][7][8][9][7][12][3]: 823449525989656
events[6][1][0][8][7][8][9][7][12][6][0][1][0]: 218
events[6][1][0][8][7][8][9][7][12][6][0][1][1][2]: 54
events[6][1][0][8][7][8][10][4]: 753052014454803
events[6][1][0][8][7][8][10][6][0][7]: 275166225044997
events[6][1][0][8][7][8][10][7][0][3]: 347987035010631
events[6][1][0][8][7][8][10][7][0][6][1][1][0]: 219
events[6][1][0][8][7][8][10][7][0][6][1][1][2][1]: 158
events[6][1][0][8][7][8][10][7][1][1]: 118
events[6][1][0][8][7][8][10][7][1][3]: 146695307033164
events[6][1][0][8][7][8][10][7][2][1]: 57
events[6][1][0][8][7][8][10][7][2][3]: 727947295824800
events[6][1][0][8][7][8][10][7][2][6][0][1][0]: 220
events[6][1][0][8][7][8][10][7][3][1]: 57
events[6][1][0][8][7][8][10][7][3][3]: 301157664277063
events[6][1][0][8][7][8][10][7][3][6][0][1][0]: 220
events[6][1][0][8][7][8][10][7][4][1]: 57
events[6][1][0][8][7][8][10][7][4][3]: 921253750723455
events[6][1][0][8][7][8][10][7][4][6][0][1][0]: 220
events[6][1][0][8][7][8][10][7][5][1]: 57
events[6][1][0][8][7][8][10][7][5][3]: 712266402568996
events[6][1][0][8][7][8][10][7][5][6][0][1][0]: 220
events[6][1][0][8][7][8][10][7][6][1]: 57
events[6][1][0][8][7][8][10][7][6][3]: 112759451561093
events[6][1][0][8][7][8][10][7][6][6][0][1][0]: 220
events[6][1][0][8][7][8][10][7][7][1]: 161
events[6][1][0][8][7][8][10][7][7][3]: 585212491631444
events[6][1][0][8][7][8][10][7][7][6][0][1][0]: 218
events[6][1][0][8][7][8][10][7][7][6][0][1][1][2]: 54
events[6][1][0][8][7][8][10][7][8][1]: 161
events[6][1][0][8][7][8][10][7][8][3]: 648925716202209
events[6][1][0][8][7][8][10][7][8][6][0][1][0]: 218
events[6][1][0][8][7][8][10][7][8][6][0][1][1][2]: 54
events[6][1][0][8][7][8][10][7][9][1]: 161
events[6][1][0][8][7][8][10][7][9][3]: 889234924061189
events[6][1][0][8][7][8][10][7][9][6][0][1][0]: 218
events[6][1][0][8][7][8][10][7][9][6][0][1][1][2]: 54
events[6][1][0][8][7][8][10][7][10][1]: 161
events[6][1][0][8][7][8][10][7][10][3]: 269180280787142
events[6][1][0][8][7][8][10][7][10][6][0][1][0]: 218
events[6][1][0][8][7][8][10][7][10][6][0][1][1][2]: 54
events[6][1][0][8][7][8][10][7][11][1]: 107
events[6][1][0][8][7][8][10][7][11][3]: 394700474775040
events[6][1][0][8][7][8][11][4]: 277447076693249
events[6][1][0][8][7][8][11][6][0][7]: 977030542399950
events[6][1][0][8][7][8][11][7][0][3]: 208671509893440
events[6][1][0][8][7][8][11][7][1][3]: 264790651365950
events[6][1][0][8][7][8][11][7][1][6][1][1][0]: 221
events[6][1][0][8][7][8][11][7][1][6][1][1][2][1]: 158
events[6][1][0][8][7][8][11][7][2][1]: 118
events[6][1][0][8][7][8][11][7][2][3]: 834965001910235
events[6][1][0][8][7][8][11][7][3][1]: 162
events[6][1][0][8][7][8][11][7][3][3]: 664271703404648
events[6][1][0][8][7][8][11][7][3][6][0][1][0]: 222
events[6][1][0][8][7][8][11][7][4][1]: 162
events[6][1][0][8][7][8][11][7][4][3]: 862107633385672
events[6][1][0][8][7][8][11][7][4][6][0][1][0]: 222
events[6][1][0][8][7][8][11][7][5][1]: 74
events[6][1][0][8][7][8][11][7][5][3]: 883728421200957
events[6][1][0][8][7][8][11][7][6][1]: 162
events[6][1][0][8][7][8][11][7][6][3]: 378686042214339
events[6][1][0][8][7][8][11][7][6][6][0][1][0]: 222
events[6][1][0][8][7][8][11][7][7][0]: 70
events[6][1][0][8][7][8][11][7][7][1]: 163
events[6][1][0][8][7][8][11][7][7][3]: 947595778221297
events[6][1][0][8][7][8][11][7][7][6][0][1]: 95
events[6][1][0][8][7][8][11][7][7][6][1][1][1][1]: 70
events[6][1][0][8][7][8][11][7][7][6][1][1][1][2]: 164
events[6][1][0][8][7][8][11][7][8][0]: 95
events[6][1][0][8][7][8][11][7][8][1]: 162
events[6][1][0][8][7][8][11][7][8][3]: 300791806494612
events[6][1][0][8][7][8][11][7][8][6][0][1][0]: 222
events[6][1][0][8][7][8][11][7][9][0]: 95
events[6][1][0][8][7][8][11][7][9][1]: 62
events[6][1][0][8][7][8][11][7][9][3]: 808754593881174
events[6][1][0][8][7][8][11][7][9][6][1][1]: 70
events[6][1][0][8][7][8][11][7][10][0]: 95
events[6][1][0][8][7][8][11][7][10][1]: 165
events[6][1][0][8][7][8][11][7][10][3]: 975883694598828
events[6][1][0][8][7][8][11][7][10][6][0][1]: 70
events[6][1][0][8][7][8][11][7][11][0]: 77
events[6][1][0][8][7][8][11][7][11][1]: 163
events[6][1][0][8][7][8][11][7][11][3]: 686848263291856
events[6][1][0][8][7][8][11][7][11][6][0][1]: 95
events[6][1][0][8][7][8][11][7][11][6][1][1][1][1]: 77
events[6][1][0][8][7][8][11][7][11][6][1][1][1][2]: 164
events[6][1][0][8][7][8][11][7][12][0]: 95
events[6][1][0][8][7][8][11][7][12][1]: 162
events[6][1][0][8][7][8][11][7][12][3]: 171119481023345
events[6][1][0][8][7][8][11][7][12][6][0][1][0]: 222
events[6][1][0][8][7][8][11][7][13][0]: 95
events[6][1][0][8][7][8][11][7][13][1]: 62
events[6][1][0][8][7][8][11][7][13][3]: 485346984677417
events[6][1][0][8][7][8][11][7][13][6][1][1]: 77
events[6][1][0][8][7][8][11][7][14][0]: 95
events[6][1][0][8][7][8][11][7][14][1]: 165
events[6][1][0][8][7][8][11][7][14][3]: 275548074510873
events[6][1][0][8][7][8][11][7][14][6][0][1]: 77
events[6][1][0][8][7][8][11][7][15][0]: 78
events[6][1][0][8][7][8][11][7][15][1]: 163
events[6][1][0][8][7][8][11][7][15][3]: 690901481093239
events[6][1][0][8][7][8][11][7][15][6][0][1]: 95
events[6][1][0][8][7][8][11][7][15][6][1][1][1][1]: 78
events[6][1][0][8][7][8][11][7][15][6][1][1][1][2]: 164
events[6][1][0][8][7][8][11][7][16][0]: 95
events[6][1][0][8][7][8][11][7][16][1]: 62
events[6][1][0][8][7][8][11][7][16][3]: 296031300747462
events[6][1][0][8][7][8][11][7][16][6][1][1]: 78
events[6][1][0][8][7][8][11][7][17][0]: 95
events[6][1][0][8][7][8][11][7][17][1]: 165
events[6][1][0][8][7][8][11][7][17][3]: 948849651020216
events[6][1][0][8][7][8][11][7][17][6][0][1]: 78
events[6][1][0][8][7][8][11][7][18][0]: 79
events[6][1][0][8][7][8][11][7][18][1]: 163
events[6][1][0][8][7][8][11][7][18][3]: 170176746291188
events[6][1][0][8][7][8][11][7][18][6][0][1]: 95
events[6][1][0][8][7][8][11][7][18][6][1][1][1][1]: 79
events[6][1][0][8][7][8][11][7][18][6][1][1][1][2]: 164
events[6][1][0][8][7][8][11][7][19][0]: 95
events[6][1][0][8][7][8][11][7][19][1]: 62
events[6][1][0][8][7][8][11][7][19][3]: 729508387103569
events[6][1][0][8][7][8][11][7][19][6][1][1]: 79
events[6][1][0][8][7][8][11][7][20][0]: 95
events[6][1][0][8][7][8][11][7][20][1]: 165
events[6][1][0][8][7][8][11][7][20][3]: 564871297892573
events[6][1][0][8][7][8][11][7][20][6][0][1]: 79
events[6][1][0][8][7][8][11][8][0][4]: 466866317677561
events[6][1][0][8][7][8][11][8][0][6][0][7]: 180153307361798
events[6][1][0][8][7][8][11][8][0][6][1][7]: 996134523192531
events[6][1][0][8][7][8][11][8][0][7][0][1]: 102
events[6][1][0][8][7][8][11][8][0][7][0][3]: 377916354296207
events[6][1][0][8][7][8][11][8][1][4]: 406309735939516
events[6][1][0][8][7][8][11][8][1][6][0][7]: 595314326984963
events[6][1][0][8][7][8][11][8][1][6][1][7]: 489446837100036
events[6][1][0][8][7][8][11][8][1][7][0][1]: 102
events[6][1][0][8][7][8][11][8][1][7][0][3]: 940695329394003
events[6][1][0][8][7][8][11][8][2][4]: 691865629383638
events[6][1][0][8][7][8][11][8][2][6][0][7]: 855082950130788
events[6][1][0][8][7][8][11][8][2][6][1][7]: 440555310472783
events[6][1][0][8][7][8][11][8][2][7][0][1]: 102
events[6][1][0][8][7][8][11][8][2][7][0][3]: 871550118455714
events[6][1][0][8][7][8][12][4]: 111255187952742
events[6][1][0][8][7][8][12][6][0][7]: 762104550422903
events[6][1][0][8][7][8][12][7][0][3]: 628968896388976
events[6][1][0][8][7][8][12][7][0][6][1][1][0]: 223
events[6][1][0][8][7][8][12][7][0][6][1][1][2][1]: 158
events[6][1][0][8][7][8][12][7][1][1]: 118
events[6][1][0][8][7][8][12][7][1][3]: 711598098531202
events[6][1][0][8][7][8][12][7][2][1]: 107
events[6][1][0][8][7][8][12][7][2][3]: 784920317365595
events[6][1][0][8][7][8][12][7][3][1]: 137
events[6][1][0][8][7][8][12][7][3][3]: 405854021041303
events[6][1][0][8][7][8][12][7][3][6][1][1][0]: 224
events[6][1][0][8][7][8][12][7][3][6][2][1][1][2]: 53
events[6][1][0][8][7][8][12][7][3][6][3][1][1][2]: 54
events[6][1][0][8][7][8][12][7][4][1]: 162
events[6][1][0][8][7][8][12][7][4][3]: 896137997982239
events[6][1][0][8][7][8][12][7][4][6][0][1][0]: 225
events[6][1][0][8][7][8][12][7][5][3]: 656121864857855
events[6][1][0][8][7][8][12][7][5][6][1][1][0]: 156
events[6][1][0][8][7][8][13][4]: 227474149604159
events[6][1][0][8][7][8][13][6][0][7]: 467125086104365
events[6][1][0][8][7][8][13][7][0][3]: 864179958651255
events[6][1][0][8][7][8][13][7][0][6][1][1][0]: 226
events[6][1][0][8][7][8][13][7][0][6][1][1][2][1]: 158
events[6][1][0][8][7][8][13][7][1][1]: 118
events[6][1][0][8][7][8][13][7][1][3]: 344353408458647
events[6][1][0][8][7][8][13][7][2][1]: 107
events[6][1][0][8][7][8][13][7][2][3]: 742578190935405
events[6][1][0][8][7][8][13][7][3][1]: 162
events[6][1][0][8][7][8][13][7][3][3]: 688144202161213
events[6][1][0][8][7][8][13][7][3][6][0][1][0]: 227
events[6][1][0][8][7][8][13][7][4][1]: 137
events[6][1][0][8][7][8][13][7][4][3]: 965175176707421
events[6][1][0][8][7][8][13][7][4][6][1][1][0]: 224
events[6][1][0][8][7][8][13][7][4][6][2][1][1][2]: 53
events[6][1][0][8][7][8][13][7][4][6][3][1][1][2]: 54
events[6][1][0][8][7][8][13][7][5][3]: 152513216566318
events[6][1][0][8][7][8][13][7][5][6][1][1][0]: 156
events[6][1][0][8][7][8][14][4]: 220010309108852
events[6][1][0][8][7][8][14][6][0][7]: 338925348409582
events[6][1][0][8][7][8][14][7][0][3]: 801364855315298
events[6][1][0][8][7][8][14][7][0][6][1][1][0]: 228
events[6][1][0][8][7][8][14][7][0][6][1][1][2][1]: 158
events[6][1][0][8][7][8][14][7][1][1]: 118
events[6][1][0][8][7][8][14][7][1][3]: 111170159082196
events[6][1][0][8][7][8][14][7][2][1]: 162
events[6][1][0][8][7][8][14][7][2][3]: 111429410350803
events[6][1][0][8][7][8][14][7][2][6][0][1][0]: 176
events[6][1][0][8][7][8][15][4]: 410523815627138
events[6][1][0][8][7][8][15][7][0][0]: 104
events[6][1][0][8][7][8][15][7][0][1]: 166
events[6][1][0][8][7][8][15][7][0][3]: 733649625930674
events[6][1][0][8][7][8][15][7][1][1]: 74
events[6][1][0][8][7][8][15][7][1][3]: 397615449069035
events[6][1][0][8][7][8][16][6]: 255200327312553
events[6][1][0][8][7][8][16][8]: 171
events[6][1][0][8][7][8][17][4]: 691735268532665
events[6][1][0][8][7][8][17][6][0][7]: 887178699993683
events[6][1][0][8][7][8][17][7][0][3]: 798972382778254
events[6][1][0][8][7][8][17][7][0][6][1][1][0]: 229
events[6][1][0][8][7][8][17][7][0][6][1][1][2][1]: 158
events[6][1][0][8][7][8][17][7][1][1]: 118
events[6][1][0][8][7][8][17][7][1][3]: 868009508535434
events[6][1][0][8][7][8][17][7][2][0]: 74
events[6][1][0][8][7][8][17][7][2][1]: 161
events[6][1][0][8][7][8][17][7][2][3]: 627466278779278
events[6][1][0][8][7][8][17][7][2][6][0][1][0]: 230
events[6][1][0][8][7][8][17][7][2][6][0][1][1][1]: 74
events[6][1][0][8][7][8][17][7][2][6][0][1][1][2]: 54
events[6][1][0][8][7][8][17][7][3][0]: 71
events[6][1][0][8][7][8][17][7][3][1]: 161
events[6][1][0][8][7][8][17][7][3][3]: 247015777401306
events[6][1][0][8][7][8][17][7][3][6][0][1][0]: 230
events[6][1][0][8][7][8][17][7][3][6][0][1][1][1]: 71
events[6][1][0][8][7][8][17][7][3][6][0][1][1][2]: 54
events[6][1][0][8][7][8][17][7][4][0]: 73
events[6][1][0][8][7][8][17][7][4][1]: 161
events[6][1][0][8][7][8][17][7][4][3]: 614463234246323
events[6][1][0][8][7][8][17][7][4][6][0][1][0]: 230
events[6][1][0][8][7][8][17][7][4][6][0][1][1][1]: 73
events[6][1][0][8][7][8][17][7][4][6][0][1][1][2]: 54
events[6][1][0][8][7][8][17][7][5][0]: 83
events[6][1][0][8][7][8][17][7][5][1]: 161
events[6][1][0][8][7][8][17][7][5][3]: 765343119894067
events[6][1][0][8][7][8][17][7][5][6][0][1][0]: 230
events[6][1][0][8][7][8][17][7][5][6][0][1][1][1]: 83
events[6][1][0][8][7][8][17][7][5][6][0][1][1][2]: 54
events[6][1][0][8][7][8][17][7][6][0]: 76
events[6][1][0][8][7][8][17][7][6][1]: 161
events[6][1][0][8][7][8][17][7][6][3]: 240978623655886
events[6][1][0][8][7][8][17][7][6][6][0][1][0]: 230
events[6][1][0][8][7][8][17][7][6][6][0][1][1][1]: 76
events[6][1][0][8][7][8][17][7][6][6][0][1][1][2]: 54
events[6][1][0][8][7][8][17][7][7][0]: 75
events[6][1][0][8][7][8][17][7][7][1]: 87
events[6][1][0][8][7][8][17][7][7][3]: 208100737623040
events[6][1][0][8][7][8][17][7][7][6][0][1][0]: 231
events[6][1][0][8][7][8][17][7][7][6][0][1][1][1]: 75
events[6][1][0][8][7][8][17][7][7][6][0][1][1][2]: 167
events[6][1][0][8][7][8][17][8][0][4]: 469033997734397
events[6][1][0][8][7][8][17][8][0][6][0][7]: 974090695793787
events[6][1][0][8][7][8][17][8][0][7][0][1]: 116
events[6][1][0][8][7][8][17][8][0][7][0][3]: 288973104491660
events[6][1][0][8][7][8][17][8][0][7][0][6][0][1][0]: 231
events[6][1][0][8][7][8][17][8][0][7][0][6][0][1][1][2]: 79
events[6][1][0][8][7][8][17][8][0][7][1][1]: 161
events[6][1][0][8][7][8][17][8][0][7][1][3]: 208629192748105
events[6][1][0][8][7][8][17][8][0][7][1][6][0][1][0]: 232
events[6][1][0][8][7][8][18][4]: 330211381761711
events[6][1][0][8][7][8][18][6][0][7]: 994465731403768
events[6][1][0][8][7][8][18][7][0][3]: 475206035772677
events[6][1][0][8][7][8][18][7][0][6][1][1][0]: 233
events[6][1][0][8][7][8][18][7][0][6][1][1][2][1]: 158
events[6][1][0][8][7][8][18][7][1][1]: 118
events[6][1][0][8][7][8][18][7][1][3]: 492858672534089
events[6][1][0][8][7][8][18][7][2][0]: 74
events[6][1][0][8][7][8][18][7][2][1]: 161
events[6][1][0][8][7][8][18][7][2][3]: 475275884506071
events[6][1][0][8][7][8][18][7][2][6][0][1][0]: 231
events[6][1][0][8][7][8][18][7][2][6][0][1][1][1]: 74
events[6][1][0][8][7][8][18][7][2][6][0][1][1][2]: 54
events[6][1][0][8][7][8][18][7][3][0]: 71
events[6][1][0][8][7][8][18][7][3][1]: 161
events[6][1][0][8][7][8][18][7][3][3]: 816813646542402
events[6][1][0][8][7][8][18][7][3][6][0][1][0]: 231
events[6][1][0][8][7][8][18][7][3][6][0][1][1][1]: 71
events[6][1][0][8][7][8][18][7][3][6][0][1][1][2]: 54
events[6][1][0][8][7][8][18][7][4][0]: 73
events[6][1][0][8][7][8][18][7][4][1]: 161
events[6][1][0][8][7][8][18][7][4][3]: 138964788281964
events[6][1][0][8][7][8][18][7][4][6][0][1][0]: 231
events[6][1][0][8][7][8][18][7][4][6][0][1][1][1]: 73
events[6][1][0][8][7][8][18][7][4][6][0][1][1][2]: 54
events[6][1][0][8][7][8][18][7][5][0]: 76
events[6][1][0][8][7][8][18][7][5][1]: 161
events[6][1][0][8][7][8][18][7][5][3]: 872337489277065
events[6][1][0][8][7][8][18][7][5][6][0][1][0]: 231
events[6][1][0][8][7][8][18][7][5][6][0][1][1][1]: 76
events[6][1][0][8][7][8][18][7][5][6][0][1][1][2]: 54
events[6][1][0][8][7][8][18][7][6][0]: 83
events[6][1][0][8][7][8][18][7][6][1]: 161
events[6][1][0][8][7][8][18][7][6][3]: 918876177398062
events[6][1][0][8][7][8][18][7][6][6][0][1][0]: 231
events[6][1][0][8][7][8][18][7][6][6][0][1][1][1]: 83
events[6][1][0][8][7][8][18][7][6][6][0][1][1][2]: 54
events[6][1][0][8][7][8][18][7][7][0]: 75
events[6][1][0][8][7][8][18][7][7][1]: 87
events[6][1][0][8][7][8][18][7][7][3]: 483578087975844
events[6][1][0][8][7][8][18][7][7][6][0][1][0]: 230
events[6][1][0][8][7][8][18][7][7][6][0][1][1][1]: 75
events[6][1][0][8][7][8][18][7][7][6][0][1][1][2]: 167
events[6][1][0][8][7][8][18][8][0][4]: 108621759237385
events[6][1][0][8][7][8][18][8][0][6][0][7]: 273465843615562
events[6][1][0][8][7][8][19][4]: 426549301453789
events[6][1][0][8][7][8][19][6][0][7]: 663387583052302
events[6][1][0][8][7][8][19][7][0][3]: 448498822996657
events[6][1][0][8][7][8][19][7][0][6][1][1][0]: 234
events[6][1][0][8][7][8][19][7][0][6][1][1][2][1]: 158
events[6][1][0][8][7][8][19][7][1][1]: 118
events[6][1][0][8][7][8][19][7][1][3]: 384198501348003
events[6][1][0][8][7][8][19][7][2][0]: 74
events[6][1][0][8][7][8][19][7][2][1]: 102
events[6][1][0][8][7][8][19][7][2][3]: 394314636748335
events[6][1][0][8][7][8][19][7][3][0]: 84
events[6][1][0][8][7][8][19][7][3][1]: 102
events[6][1][0][8][7][8][19][7][3][3]: 171721355600662
events[6][1][0][8][7][8][19][7][4][0]: 86
events[6][1][0][8][7][8][19][7][4][1]: 102
events[6][1][0][8][7][8][19][7][4][3]: 203439012382970
events[6][1][0][8][7][8][19][7][5][0]: 83
events[6][1][0][8][7][8][19][7][5][1]: 116
events[6][1][0][8][7][8][19][7][5][3]: 708896950812174
events[6][1][0][8][7][8][19][7][5][6][0][1][0]: 235
events[6][1][0][8][7][8][19][7][5][6][0][1][1][1]: 83
events[6][1][0][8][7][8][19][7][5][6][0][1][1][2]: 79
events[6][1][0][8][7][8][19][7][6][0]: 76
events[6][1][0][8][7][8][19][7][6][1]: 116
events[6][1][0][8][7][8][19][7][6][3]: 925647844923284
events[6][1][0][8][7][8][19][7][6][6][0][1][0]: 235
events[6][1][0][8][7][8][19][7][6][6][0][1][1][1]: 76
events[6][1][0][8][7][8][19][7][6][6][0][1][1][2]: 79
events[6][1][0][8][7][8][19][7][7][0]: 83
events[6][1][0][8][7][8][19][7][7][1]: 56
events[6][1][0][8][7][8][19][7][7][3]: 602545242075102
events[6][1][0][8][7][8][19][7][7][6][0][1][0]: 236
events[6][1][0][8][7][8][19][7][7][6][0][1][1][1]: 83
events[6][1][0][8][7][8][19][7][7][6][0][1][1][2]: 53
events[6][1][0][8][7][8][19][7][7][6][0][1][2][1]: 83
events[6][1][0][8][7][8][19][7][8][0]: 76
events[6][1][0][8][7][8][19][7][8][1]: 56
events[6][1][0][8][7][8][19][7][8][3]: 414671078691120
events[6][1][0][8][7][8][19][7][8][6][0][1][0]: 236
events[6][1][0][8][7][8][19][7][8][6][0][1][1][1]: 76
events[6][1][0][8][7][8][19][7][8][6][0][1][1][2]: 53
events[6][1][0][8][7][8][19][7][8][6][0][1][2][1]: 76
events[6][1][0][8][7][8][19][8][0][4]: 829187604828566
events[6][1][0][8][7][8][19][8][0][6][0][0]: 71
events[6][1][0][8][7][8][19][8][0][6][0][7]: 355905412696272
events[6][1][0][8][7][8][19][8][0][7][0][0]: 71
events[6][1][0][8][7][8][19][8][0][7][0][1]: 56
events[6][1][0][8][7][8][19][8][0][7][0][3]: 225398354656105
events[6][1][0][8][7][8][19][8][0][7][0][6][0][1][0]: 235
events[6][1][0][8][7][8][19][8][0][7][0][6][0][1][1][1]: 71
events[6][1][0][8][7][8][19][8][0][7][0][6][0][1][1][2]: 53
events[6][1][0][8][7][8][19][8][1][4]: 816916539585986
events[6][1][0][8][7][8][19][8][1][6][0][0]: 73
events[6][1][0][8][7][8][19][8][1][6][0][7]: 195276882644114
events[6][1][0][8][7][8][19][8][1][7][0][0]: 73
events[6][1][0][8][7][8][19][8][1][7][0][1]: 56
events[6][1][0][8][7][8][19][8][1][7][0][3]: 935060445095423
events[6][1][0][8][7][8][19][8][1][7][0][6][0][1][0]: 237
events[6][1][0][8][7][8][19][8][1][7][0][6][0][1][1][1]: 73
events[6][1][0][8][7][8][19][8][1][7][0][6][0][1][1][2]: 53
events[6][1][0][8][7][8][20][4]: 152153459918955
events[6][1][0][8][7][8][20][6][0][7]: 551914789168748
events[6][1][0][8][7][8][20][6][0][9][2][1][0]: 65
events[6][1][0][8][7][8][20][7][0][1]: 137
events[6][1][0][8][7][8][20][7][0][3]: 977385319945597
events[6][1][0][8][7][8][20][7][0][6][0][1]: 92
events[6][1][0][8][7][8][20][7][0][6][1][1][0]: 238
events[6][1][0][8][7][8][20][7][0][6][2][1][0]: 143
events[6][1][0][8][7][8][20][7][0][6][3][1][0]: 96
events[6][1][0][8][7][8][20][7][1][0]: 92
events[6][1][0][8][7][8][20][7][1][1]: 111
events[6][1][0][8][7][8][20][7][1][3]: 600554436128466
events[6][1][0][8][7][8][21][4]: 551544465649956
events[6][1][0][8][7][8][21][6][0][7]: 324356660714727
events[6][1][0][8][7][8][21][7][0][1]: 74
events[6][1][0][8][7][8][21][7][0][3]: 724746800937903
events[6][1][0][8][7][8][21][7][0][6][0][1][0]: 239
events[6][1][0][8][7][8][21][7][1][1]: 73
events[6][1][0][8][7][8][21][7][1][3]: 128438944562315
events[6][1][0][8][7][8][21][7][1][6][2][1][0]: 240
events[6][1][0][8][7][8][21][7][1][6][3][1][0]: 241
events[6][1][0][8][7][8][21][7][2][1]: 168
events[6][1][0][8][7][8][21][7][2][3]: 914240102930417
events[6][1][0][8][7][8][21][7][2][6][0][1][0]: 241
events[6][1][0][8][7][8][21][7][2][6][1][1][0]: 121
events[6][1][0][8][7][8][21][7][3][1]: 169
events[6][1][0][8][7][8][21][7][3][3]: 105263869679804
events[6][1][0][8][7][8][21][7][4][0]: 104
events[6][1][0][8][7][8][21][7][4][1]: 65
events[6][1][0][8][7][8][21][7][4][3]: 134375473853963
events[6][1][0][8][7][8][21][7][5][3]: 364741305349859
events[6][1][0][8][7][8][21][7][6][1]: 71
events[6][1][0][8][7][8][21][7][6][3]: 837868947476110
events[6][1][0][8][7][8][21][7][7][0]: 92
events[6][1][0][8][7][8][21][7][7][1]: 139
events[6][1][0][8][7][8][21][7][7][3]: 293579834375961
events[6][1][0][8][7][8][21][7][7][6][0][1][0]: 242
events[6][1][0][8][7][8][21][7][7][6][2][1][0]: 243
events[6][1][0][8][7][8][22][4]: 241282302068457
events[6][1][0][8][7][8][22][6][0][7]: 938341336240258
events[6][1][0][8][7][8][22][7][0][1]: 168
events[6][1][0][8][7][8][22][7][0][3]: 733366355021478
events[6][1][0][8][7][8][22][7][0][6][0][1][0]: 131
events[6][1][0][8][7][8][22][7][0][6][1][1][0]: 121
events[6][1][0][8][7][8][23][4]: 528456956032953
events[6][1][0][8][7][8][23][6][0][7]: 744454137683367
events[6][1][0][8][7][8][23][7][0][1]: 168
events[6][1][0][8][7][8][23][7][0][3]: 388186154840179
events[6][1][0][8][7][8][23][7][0][6][0][1][0]: 131
events[6][1][0][8][8][4]: 219441910842912
events[6][1][0][8][8][6][0][0]: 95
events[6][1][0][8][8][6][0][1]: 64
events[6][1][0][8][8][6][0][7]: 316929297670279
events[6][1][0][8][8][7][0][0]: 95
events[6][1][0][8][8][7][0][1]: 102
events[6][1][0][8][8][7][0][3]: 367963848985724
events[6][1][0][8][8][7][0][6][0][1][1][1]: 70
events[6][1][0][8][8][7][0][6][0][1][1][2]: 170
events[6][1][1][4]: 688861007028982
events[6][1][1][6][0][9][0][1][0]: 244
events[6][1][1][8][0][6]: 259611595560641
events[6][1][1][8][0][8]: 135
events[6][1][1][8][1][1][2][0][6]: 594720735489185
events[6][1][1][8][1][4]: 845855455676986
events[6][1][1][8][1][7][0][1]: 73
events[6][1][1][8][1][7][0][3]: 686136460054945
events[6][1][1][8][1][7][0][6][2][1][0]: 69
events[6][1][1][8][1][7][0][6][3][1][0]: 245
events[6][1][1][8][1][7][1][1]: 137
events[6][1][1][8][1][7][1][3]: 298619922161464
events[6][1][1][8][1][7][1][6][0][1]: 57
events[6][1][1][8][1][7][1][6][1][1][0]: 134
events[6][1][1][8][1][7][1][6][2][1][0]: 140
events[6][1][1][8][1][7][1][6][3][1][0]: 141
events[6][1][1][8][1][7][2][0]: 57
events[6][1][1][8][1][7][2][1]: 102
events[6][1][1][8][1][7][2][3]: 740270993497229
events[6][1][1][8][1][7][3][1]: 114
events[6][1][1][8][1][7][3][3]: 712961830861123
events[6][1][1][8][1][7][3][6][0][1]: 57
events[6][1][1][8][1][7][4][0]: 57
events[6][1][1][8][1][7][4][1]: 78
events[6][1][1][8][1][7][4][3]: 541993555348503
events[6][1][1][8][1][7][5][0]: 57
events[6][1][1][8][1][7][5][1]: 171
events[6][1][1][8][1][7][5][3]: 430167112413146
events[6][1][1][8][1][7][5][6][0][1][0]: 65
events[6][1][1][8][1][7][5][6][2][1][0]: 246
events[6][1][1][8][1][7][5][6][3][1][0]: 247
events[6][1][1][8][1][7][6][0]: 57
events[6][1][1][8][1][7][6][1]: 139
events[6][1][1][8][1][7][6][3]: 935141459233500
events[6][1][1][8][1][7][6][6][0][1][0]: 248
events[6][1][1][8][1][7][6][6][2][1][0]: 143
events[6][1][1][8][2][4]: 187614231745097
events[6][1][1][8][2][6][0][0]: 57
events[6][1][1][8][2][6][0][1]: 131
events[6][1][1][8][2][6][0][7]: 396853894477169
events[6][1][1][8][2][6][0][9][0][1][0]: 248
events[6][1][1][8][2][7][0][0]: 57
events[6][1][1][8][2][7][0][1]: 172
events[6][1][1][8][2][7][0][3]: 725440088800119
events[6][1][1][8][2][7][1][1]: 74
events[6][1][1][8][2][7][1][3]: 137148110381740
events[6][1][1][8][2][7][2][0]: 57
events[6][1][1][8][2][7][2][1]: 172
events[6][1][1][8][2][7][2][3]: 181702715984786
events[6][1][1][8][2][7][3][0]: 57
events[6][1][1][8][2][7][3][3]: 331676496334688
events[6][1][1][8][2][7][4][0]: 57
events[6][1][1][8][2][7][4][1]: 139
events[6][1][1][8][2][7][4][3]: 234445692007799
events[6][1][1][8][2][7][4][6][0][1][0]: 249
events[6][1][1][8][2][7][4][6][2][1][0]: 250
events[6][1][1][8][2][7][5][0]: 57
events[6][1][1][8][2][7][5][1]: 171
events[6][1][1][8][2][7][5][3]: 282909168492014
events[6][1][1][8][2][7][5][6][0][1][0]: 65
events[6][1][1][8][3][4]: 514268410054362
events[6][1][1][8][3][6][0][1]: 61
events[6][1][1][8][3][6][0][7]: 698679129175387
events[6][1][1][8][3][6][0][9][0][1]: 100
events[6][1][1][8][3][7][0][3]: 595057604903871
events[6][1][1][8][4][4]: 966440633984446
events[6][1][1][8][4][6][0][1]: 61
events[6][1][1][8][4][6][0][7]: 365630041672096
events[6][1][1][8][4][6][1][7]: 618240542488949
events[6][1][1][8][4][7][0][3]: 615629378505574
events[6][1][1][8][5][4]: 879010276950115
events[6][1][1][8][5][6][0][0]: 87
events[6][1][1][8][5][6][0][1]: 61
events[6][1][1][8][5][6][0][7]: 990294621276013
events[6][1][1][8][5][6][0][9][0][1]: 71
events[6][1][1][8][5][6][1][0]: 87
events[6][1][1][8][5][6][1][1]: 61
events[6][1][1][8][5][6][1][7]: 666219640099099
events[6][1][1][8][5][6][1][9][0][1]: 73
events[6][1][1][8][5][8][0][4]: 635000742528837
events[6][1][1][8][5][8][0][6][0][0]: 104
events[6][1][1][8][5][8][0][6][0][1]: 55
events[6][1][1][8][5][8][0][6][0][7]: 745925838450169
events[6][1][1][8][5][8][0][7][0][3]: 752468407816151
events[6][1][1][8][6][4]: 112949983451340
events[6][1][1][8][6][8][0][4]: 159134165807914
events[6][1][1][8][6][8][0][6][0][0]: 104
events[6][1][1][8][6][8][0][6][0][7]: 808980549935449
events[6][1][1][8][6][8][0][7][0][1]: 163
events[6][1][1][8][6][8][0][7][0][3]: 684622738080150
events[6][1][1][8][6][8][0][7][0][6][0][1]: 56
events[6][1][1][8][6][8][0][7][0][6][1][1][0]: 224
events[6][1][1][8][6][8][0][7][1][0]: 56
events[6][1][1][8][6][8][0][7][1][3]: 760445920708961
events[6][1][1][8][6][8][0][7][2][0]: 56
events[6][1][1][8][6][8][0][7][2][1]: 171
events[6][1][1][8][6][8][0][7][2][3]: 461511688568950
events[6][1][1][8][6][8][0][7][2][6][0][1][0]: 251
events[6][1][1][8][6][8][0][7][3][0]: 56
events[6][1][1][8][6][8][0][7][3][1]: 62
events[6][1][1][8][6][8][0][7][3][3]: 646581273676987
events[6][1][1][8][6][8][0][8][0][4]: 126920213807355
events[6][1][1][8][6][8][0][8][0][5]: 50
events[6][1][1][8][6][8][0][8][0][6][0][7]: 241628024925266
events[6][1][1][8][6][8][0][8][0][6][1][1]: 55
events[6][1][1][8][6][8][0][8][0][6][1][7]: 978238846308932
events[6][1][1][8][6][8][0][8][0][6][1][9][0][1][0]: 252
events[6][1][1][8][6][8][0][8][0][7][0][1]: 73
events[6][1][1][8][6][8][0][8][0][7][0][3]: 321083613663726
events[6][1][1][8][6][8][0][8][0][7][0][6][2][1][0]: 253
events[6][1][1][8][6][8][0][8][0][7][0][6][3][1][0]: 252
events[6][1][1][8][6][8][0][8][0][7][1][1]: 51
events[6][1][1][8][6][8][0][8][0][7][1][3]: 116958714438109
events[6][1][1][8][6][8][0][8][0][7][1][6][0][1][0]: 111
events[6][1][1][8][6][8][0][8][0][7][1][6][2][1][0]: 252
events[6][1][1][8][7][4]: 512039896767293
events[6][1][1][8][7][5]: 51
events[6][1][1][8][7][8][0][4]: 127066374242057
events[6][1][1][8][7][8][0][5]: 52
events[6][1][1][8][7][8][0][7][0][1]: 163
events[6][1][1][8][7][8][0][7][0][3]: 588875882893243
events[6][1][1][8][7][8][0][7][0][6][0][1]: 56
events[6][1][1][8][7][8][0][7][0][6][1][1][0]: 224
events[6][1][1][8][7][8][0][7][1][0]: 56
events[6][1][1][8][7][8][0][7][1][3]: 944826087584122
events[6][1][1][8][7][8][0][7][2][0]: 56
events[6][1][1][8][7][8][0][7][2][1]: 171
events[6][1][1][8][7][8][0][7][2][3]: 733244549267496
events[6][1][1][8][7][8][0][7][2][6][0][1][0]: 251
events[6][1][1][8][7][8][0][7][3][0]: 56
events[6][1][1][8][7][8][0][7][3][1]: 62
events[6][1][1][8][7][8][0][7][3][3]: 306027333159187
events[6][1][1][8][7][8][0][8][0][4]: 993603675431242
events[6][1][1][8][7][8][0][8][0][5]: 53
events[6][1][1][8][7][8][0][8][0][6][0][7]: 978250809018426
events[6][1][1][8][7][8][0][8][0][6][1][1]: 55
events[6][1][1][8][7][8][0][8][0][6][1][7]: 294365323106198
events[6][1][1][8][7][8][0][8][0][6][1][9][0][1][0]: 252
events[6][1][1][8][7][8][0][8][0][7][0][1]: 73
events[6][1][1][8][7][8][0][8][0][7][0][3]: 428288332826457
events[6][1][1][8][7][8][0][8][0][7][0][6][2][1][0]: 253
events[6][1][1][8][7][8][0][8][0][7][0][6][3][1][0]: 252
events[6][1][1][8][7][8][0][8][0][7][1][1]: 51
events[6][1][1][8][7][8][0][8][0][7][1][3]: 810982819084219
events[6][1][1][8][7][8][0][8][0][7][1][6][0][1][0]: 111
events[6][1][1][8][7][8][0][8][0][7][1][6][2][1][0]: 252
events[6][1][1][8][8][4]: 963184685794547
events[6][1][1][8][8][5]: 54
events[6][1][1][8][8][6][0][0]: 86
events[6][1][1][8][8][6][0][1]: 76
events[6][1][1][8][8][6][0][7]: 925967068817368
events[6][1][1][8][8][6][0][9][0][1][0]: 254
events[6][1][1][8][8][7][0][0]: 86
events[6][1][1][8][8][7][0][1]: 172
events[6][1][1][8][8][7][0][3]: 857600996135653
events[6][1][1][8][9][4]: 901720087330142
events[6][1][1][8][9][5]: 55
events[6][1][1][8][9][6][0][0]: 86
events[6][1][1][8][9][6][0][1]: 173
events[6][1][1][8][9][6][0][7]: 274543033215317
events[6][1][1][8][9][6][1][0]: 86
events[6][1][1][8][9][6][1][7]: 401976057630655
events[6][1][1][8][9][7][0][0]: 86
events[6][1][1][8][9][7][0][3]: 972879642002590
events[6][1][1][8][9][7][0][6][0][1][0]: 255
events[6][1][1][8][9][7][0][6][0][1][1][1]: 174
events[6][1][1][8][9][7][0][6][0][1][2][1]: 86
events[6][1][1][8][10][4]: 282547623789874
events[6][1][1][8][10][5]: 56
events[6][1][1][8][10][6][0][0]: 87
events[6][1][1][8][10][6][0][7]: 306500663920672
events[6][1][1][8][10][6][0][9][0][1]: 71
events[6][1][1][8][10][6][1][0]: 104
events[6][1][1][8][10][6][1][1]: 55
events[6][1][1][8][10][6][1][7]: 380997929828173
events[6][1][1][8][10][6][2][7]: 517910138444068
events[6][1][1][8][10][6][3][0]: 104
events[6][1][1][8][10][6][3][7]: 730424041065727
events[6][1][1][8][10][6][4][7]: 188278287195816
events[6][1][1][8][10][8][0][4]: 197655769158254
events[6][1][1][8][10][8][0][5]: 57
events[6][1][1][8][10][8][0][6][0][1]: 156
events[6][1][1][8][10][8][0][6][0][7]: 368474998942922
events[6][1][1][8][10][8][0][6][0][9][0][1][0]: 225
events[6][1][1][8][10][8][0][7][0][1]: 73
events[6][1][1][8][10][8][0][7][0][3]: 464724296578389
events[6][1][1][8][10][8][0][7][0][6][2][1][0]: 69
events[6][1][1][8][10][8][0][7][0][6][3][1][0]: 65
events[6][1][1][8][10][8][1][4]: 949392864404886
events[6][1][1][8][10][8][1][5]: 58
events[6][1][1][8][10][8][1][6][0][7]: 713825269748526
events[6][1][1][8][10][8][1][7][0][1]: 73
events[6][1][1][8][10][8][1][7][0][3]: 534742661822076
events[6][1][1][8][10][8][1][7][0][6][2][1][0]: 64
events[6][1][1][8][10][8][1][7][0][6][3][1][0]: 65
events[6][1][1][8][10][8][2][4]: 920524990606353
events[6][1][1][8][10][8][2][5]: 59
events[6][1][1][8][10][8][2][6][0][0]: 74
events[6][1][1][8][10][8][2][6][0][7]: 878512038146260
events[6][1][1][8][10][8][2][7][0][0]: 74
events[6][1][1][8][10][8][2][7][0][3]: 116674834158755
events[6][1][1][8][10][8][2][7][1][1]: 74
events[6][1][1][8][10][8][2][7][1][3]: 933147252112693
events[6][1][1][8][10][8][2][7][2][0]: 74
events[6][1][1][8][10][8][2][7][2][3]: 692891803217193
events[6][1][1][8][10][8][3][4]: 317471614492092
events[6][1][1][8][10][8][3][5]: 60
events[6][1][1][8][10][8][3][6][0][0]: 86
events[6][1][1][8][10][8][3][6][0][7]: 278167953271126
events[6][1][1][8][10][8][3][7][0][0]: 86
events[6][1][1][8][10][8][3][7][0][1]: 172
events[6][1][1][8][10][8][3][7][0][3]: 798902718509979
events[6][1][1][8][10][8][3][7][1][0]: 86
events[6][1][1][8][10][8][3][7][1][1]: 51
events[6][1][1][8][10][8][3][7][1][3]: 589848492575796
events[6][1][1][8][10][8][3][7][1][6][2][1][0]: 254
events[6][1][1][8][11][4]: 659019359090277
events[6][1][1][8][11][5]: 61
events[6][1][1][8][11][6][0][0]: 87
events[6][1][1][8][11][6][0][7]: 927550335789027
events[6][1][1][8][11][6][0][9][0][1]: 73
events[6][1][1][8][11][6][1][0]: 104
events[6][1][1][8][11][6][1][1]: 55
events[6][1][1][8][11][6][1][7]: 945386994317747
events[6][1][1][8][11][6][2][7]: 365617313405153
events[6][1][1][8][11][6][3][0]: 104
events[6][1][1][8][11][6][3][7]: 131782662840566
events[6][1][1][8][11][6][4][7]: 401971581257106
events[6][1][1][8][11][8][0][4]: 151751982724731
events[6][1][1][8][11][8][0][5]: 62
events[6][1][1][8][11][8][0][6][0][1]: 156
events[6][1][1][8][11][8][0][6][0][7]: 213600802232338
events[6][1][1][8][11][8][0][6][0][9][0][1][0]: 225
events[6][1][1][8][11][8][0][7][0][1]: 73
events[6][1][1][8][11][8][0][7][0][3]: 935438893041667
events[6][1][1][8][11][8][0][7][0][6][2][1][0]: 69
events[6][1][1][8][11][8][0][7][0][6][3][1][0]: 65
events[6][1][1][8][11][8][1][4]: 366508876755095
events[6][1][1][8][11][8][1][5]: 63
events[6][1][1][8][11][8][1][6][0][7]: 923118057769389
events[6][1][1][8][11][8][1][7][0][1]: 73
events[6][1][1][8][11][8][1][7][0][3]: 526858020577375
events[6][1][1][8][11][8][1][7][0][6][2][1][0]: 64
events[6][1][1][8][11][8][1][7][0][6][3][1][0]: 65
events[6][1][1][8][11][8][2][4]: 267063248768907
events[6][1][1][8][11][8][2][5]: 64
events[6][1][1][8][11][8][2][6][0][0]: 74
events[6][1][1][8][11][8][2][6][0][7]: 469826953060564
events[6][1][1][8][11][8][2][7][0][0]: 74
events[6][1][1][8][11][8][2][7][0][3]: 222686498429610
events[6][1][1][8][11][8][2][7][0][6][0][1][0]: 256
events[6][1][1][8][11][8][2][7][1][1]: 74
events[6][1][1][8][11][8][2][7][1][3]: 639464377075377
events[6][1][1][8][11][8][2][7][2][0]: 74
events[6][1][1][8][11][8][2][7][2][3]: 199707033550828
events[6][1][1][8][11][8][3][4]: 407901664088255
events[6][1][1][8][11][8][3][5]: 65
events[6][1][1][8][11][8][3][6][0][0]: 86
events[6][1][1][8][11][8][3][6][0][7]: 550189907167358
events[6][1][1][8][11][8][3][7][0][0]: 86
events[6][1][1][8][11][8][3][7][0][1]: 172
events[6][1][1][8][11][8][3][7][0][3]: 174652883950452
events[6][1][1][8][11][8][3][7][1][0]: 86
events[6][1][1][8][11][8][3][7][1][1]: 51
events[6][1][1][8][11][8][3][7][1][3]: 150728390622076
events[6][1][1][8][11][8][3][7][1][6][2][1][0]: 254
events[7][1][0][6]: 895506763348983
events[7][1][1][4]: 825090527993167
events[7][1][1][6][0][1]: 175
events[7][1][1][6][0][7]: 659059519260433
events[7][1][1][7][0][1]: 73
events[7][1][1][7][0][3]: 173731787408582
events[7][1][1][7][0][6][2][1][0]: 69
events[7][1][1][7][0][6][3][1][0]: 132
events[7][1][1][7][1][1]: 176
events[7][1][1][7][1][3]: 589893877690458
events[7][1][1][7][1][6][0][1][0]: 257
events[7][1][1][7][1][6][1][1][0]: 258
events[7][1][2][4]: 104936265089412
events[7][1][2][6][0][1]: 175
events[7][1][2][6][0][7]: 850778254561887
events[7][1][2][6][1][7]: 340355566469653
events[7][1][2][6][2][1]: 177
events[7][1][2][6][2][7]: 701580087498232
events[7][1][2][6][3][7]: 412923529791305
events[7][1][2][7][0][3]: 636030774850120
events[7][1][2][7][1][1]: 134
events[7][1][2][7][1][3]: 966652434682216
events[7][1][2][7][1][6][0][1][0]: 133
events[7][1][2][7][2][1]: 129
events[7][1][2][7][2][3]: 314835388166640
events[7][1][2][7][2][6][0][1][0]: 127
events[7][1][2][7][2][6][1][1][0]: 259
events[7][1][2][7][3][1]: 72
events[7][1][2][7][3][3]: 372408713399458
events[7][1][2][7][4][1]: 137
events[7][1][2][7][4][3]: 254619703127637
events[7][1][2][7][4][6][1][1][0]: 134
events[7][1][2][7][4][6][2][1][0]: 144
events[7][1][2][7][4][6][3][1][0]: 192
events[7][1][2][7][5][1]: 137
events[7][1][2][7][5][3]: 505512727394381
events[7][1][2][7][5][6][1][1][0]: 134
events[7][1][2][7][5][6][2][1][0]: 260
events[7][1][2][7][5][6][3][1][0]: 192
events[7][1][2][7][6][1]: 102
events[7][1][2][7][6][3]: 311082476139821
events[7][1][2][7][7][1]: 137
events[7][1][2][7][7][3]: 456113876811105
events[7][1][2][7][7][6][1][1][0]: 134
events[7][1][2][7][7][6][2][1][0]: 143
events[7][1][2][7][7][6][3][1][0]: 192
events[7][1][2][7][8][1]: 102
events[7][1][2][7][8][3]: 299379731995145
events[7][1][2][7][9][1]: 178
events[7][1][2][7][9][3]: 786508752233035
events[7][1][3][4]: 380752203964988
events[7][1][3][6][0][1]: 179
events[7][1][3][6][0][7]: 143057716904910
events[7][1][3][6][1][1]: 105
events[7][1][3][6][1][7]: 928877045704012
events[7][1][3][6][2][7]: 200808475829643
events[7][1][3][8][0][4]: 421532680566161
events[7][1][3][8][0][6][0][1]: 180
events[7][1][3][8][0][6][0][7]: 352683704942487
events[7][1][3][8][0][7][0][0]: 99
events[7][1][3][8][0][7][0][1]: 181
events[7][1][3][8][0][7][0][3]: 185258590822405
events[7][1][3][8][0][7][1][1]: 178
events[7][1][3][8][0][7][1][3]: 456781807972748
events[7][1][3][8][0][7][2][1]: 134
events[7][1][3][8][0][7][2][3]: 809652937660021
events[7][1][3][8][0][7][2][6][0][1][0]: 133
events[7][1][3][8][0][7][3][3]: 854057059129383
events[7][1][3][8][0][7][4][1]: 71
events[7][1][3][8][0][7][4][3]: 130804770750645
events[7][1][3][8][0][8][0][4]: 907273234062272
events[7][1][3][8][0][8][0][6][0][1]: 182
events[7][1][3][8][0][8][0][6][0][7]: 158445655676582
events[7][1][3][8][0][8][0][7][0][1]: 107
events[7][1][3][8][0][8][0][7][0][3]: 363259760452518
events[7][1][3][8][0][8][0][7][1][1]: 72
events[7][1][3][8][0][8][0][7][1][3]: 167992988193975
events[7][1][3][8][1][4]: 512289786308736
events[7][1][3][8][1][6][0][7]: 108412349524451
events[7][1][3][8][1][6][1][1]: 180
events[7][1][3][8][1][6][1][7]: 895628152841931
events[7][1][3][8][1][7][0][0]: 99
events[7][1][3][8][1][7][0][1]: 181
events[7][1][3][8][1][7][0][3]: 780646086745591
events[7][1][3][8][1][7][1][1]: 178
events[7][1][3][8][1][7][1][3]: 217297452779535
events[7][1][3][8][1][7][2][1]: 183
events[7][1][3][8][1][7][2][3]: 774846416127975
events[7][1][3][8][1][7][3][1]: 184
events[7][1][3][8][1][7][3][3]: 845125447194050
events[7][1][3][8][1][7][4][1]: 75
events[7][1][3][8][1][7][4][3]: 987914159531714
events[7][1][3][8][2][4]: 207121579631934
events[7][1][3][8][2][6][0][7]: 759691866309721
events[7][1][3][8][2][6][1][1]: 180
events[7][1][3][8][2][6][1][7]: 545179275048067
events[7][1][3][8][2][7][0][1]: 176
events[7][1][3][8][2][7][0][3]: 256821211327176
events[7][1][3][8][2][7][0][6][0][1][0]: 257
events[7][1][3][8][2][7][0][6][1][1][0]: 258
events[7][1][3][8][3][4]: 883798968650037
events[7][1][3][8][3][7][0][1]: 73
events[7][1][3][8][3][7][0][3]: 977759798927656
events[7][1][3][8][3][7][0][6][2][1][0]: 69
events[7][1][3][8][3][7][0][6][3][1][0]: 132
events[8][1][0][6]: 552810473595513
events[8][1][0][8]: 172
events[8][1][1][4]: 250689675360837
events[8][1][1][6][0][9][0][1][0]: 261
events[8][1][1][8][0][4]: 385574708920391
events[8][1][1][8][0][6][0][7]: 505578862372840
events[8][1][1][8][0][7][0][1]: 169
events[8][1][1][8][0][7][0][3]: 350655939620105
events[8][1][1][8][0][8][0][4]: 328425080771235
events[8][1][1][8][0][8][0][7][0][0]: 65
events[8][1][1][8][0][8][0][7][0][3]: 385950107749256
events[8][1][1][8][0][8][0][7][0][6][1][1][0]: 262
events[8][1][1][8][0][8][0][7][0][6][1][1][1][1]: 65
events[8][1][1][8][0][8][0][7][0][6][1][1][1][2]: 53
events[8][1][1][8][0][8][0][7][0][6][1][1][2][1]: 52
events[8][1][1][8][0][8][0][7][0][6][1][1][2][2]: 53
events[8][1][1][8][0][8][1][4]: 241480286152321
events[8][1][1][8][0][8][1][6][0][7]: 652382698245950
events[8][1][1][8][0][8][1][7][0][1]: 73
events[8][1][1][8][0][8][1][7][0][3]: 175027897965173
events[8][1][1][8][0][8][1][7][0][6][2][1][0]: 64
events[8][1][1][8][0][8][1][7][0][6][3][1][0]: 130
events[8][1][1][8][0][8][1][7][1][1]: 132
events[8][1][1][8][0][8][1][7][1][3]: 499887973918403
events[8][1][1][8][0][8][1][7][1][6][0][1][0]: 131
events[8][1][1][8][0][8][1][7][2][1]: 74
events[8][1][1][8][0][8][1][7][2][3]: 322215829073993
events[8][1][1][8][0][8][1][7][2][6][0][1][0]: 114
events[8][1][1][8][0][8][1][7][3][0]: 52
events[8][1][1][8][0][8][1][7][3][1]: 139
events[8][1][1][8][0][8][1][7][3][3]: 382456410818317
events[8][1][1][8][0][8][1][7][3][6][0][1][0]: 142
events[8][1][1][8][0][8][1][7][3][6][2][1][0]: 143
events[8][1][1][8][0][8][1][7][4][1]: 73
events[8][1][1][8][0][8][1][7][4][3]: 991045166414713
events[8][1][1][8][0][8][1][7][4][6][3][1][0]: 132
events[8][1][1][8][0][8][2][4]: 810102759188452
events[8][1][1][8][0][8][2][6][0][7]: 852419433470608
events[8][1][1][8][0][8][2][7][0][1]: 134
events[8][1][1][8][0][8][2][7][0][3]: 208060148991117
events[8][1][1][8][0][8][2][7][0][6][0][1][0]: 127
events[8][1][1][8][0][8][2][7][1][0]: 52
events[8][1][1][8][0][8][2][7][1][1]: 107
events[8][1][1][8][0][8][2][7][1][3]: 793534791641230
events[8][1][1][8][0][8][2][7][2][0]: 51
events[8][1][1][8][0][8][2][7][2][1]: 97
events[8][1][1][8][0][8][2][7][2][3]: 502896963729282
events[8][1][1][8][0][8][2][7][3][0]: 53
events[8][1][1][8][0][8][2][7][3][1]: 107
events[8][1][1][8][0][8][2][7][3][3]: 925845965113145
events[8][1][1][8][0][8][2][7][4][0]: 55
events[8][1][1][8][0][8][2][7][4][1]: 107
events[8][1][1][8][0][8][2][7][4][3]: 172430297314068
events[8][1][1][8][0][8][2][7][5][0]: 54
events[8][1][1][8][0][8][2][7][5][1]: 107
events[8][1][1][8][0][8][2][7][5][3]: 421120934833515
events[8][1][1][8][0][8][2][7][6][1]: 71
events[8][1][1][8][0][8][2][7][6][3]: 985845086157123
events[8][1][1][8][1][4]: 518625068017289
events[8][1][1][8][1][6][0][0]: 52
events[8][1][1][8][1][6][0][1]: 131
events[8][1][1][8][1][6][0][7]: 190305828392346
events[8][1][1][8][1][6][0][9][0][1][0]: 142
events[8][1][1][8][1][7][0][0]: 53
events[8][1][1][8][1][7][0][1]: 171
events[8][1][1][8][1][7][0][3]: 995268526522716
events[8][1][1][8][1][7][0][6][0][1][0]: 263
events[8][1][1][8][1][7][0][6][2][1][0]: 129
events[8][1][1][8][1][7][0][6][3][1][0]: 129
events[8][1][1][8][1][7][1][1]: 74
events[8][1][1][8][1][7][1][3]: 658485621008789
events[8][1][1][8][1][7][2][0]: 55
events[8][1][1][8][1][7][2][1]: 171
events[8][1][1][8][1][7][2][3]: 114560151193827
events[8][1][1][8][1][7][2][6][0][1][0]: 263
events[8][1][1][8][1][7][2][6][2][1][0]: 129
events[8][1][1][8][1][7][2][6][3][1][0]: 129
events[8][1][1][8][1][7][3][1]: 74
events[8][1][1][8][1][7][3][3]: 274938776112968
events[8][1][1][8][1][7][4][0]: 54
events[8][1][1][8][1][7][4][1]: 171
events[8][1][1][8][1][7][4][3]: 340655216554254
events[8][1][1][8][1][7][4][6][0][1][0]: 263
events[8][1][1][8][1][7][4][6][2][1][0]: 129
events[8][1][1][8][1][7][4][6][3][1][0]: 129
events[8][1][1][8][2][4]: 472965571049301
events[8][1][1][8][2][6][0][1]: 175
events[8][1][1][8][2][6][0][7]: 723109858170073
events[8][1][1][8][2][6][0][9][0][1]: 54
events[8][1][1][8][2][7][0][1]: 73
events[8][1][1][8][2][7][0][3]: 666872093993787
events[8][1][1][8][2][7][0][6][2][1][0]: 69
events[8][1][1][8][2][7][0][6][3][1][0]: 132
events[8][1][1][8][2][7][1][1]: 176
events[8][1][1][8][2][7][1][3]: 638665889915007
events[8][1][1][8][2][7][1][6][0][1][0]: 257
events[8][1][1][8][2][7][1][6][1][1][0]: 258
events[8][1][1][8][3][4]: 220509110097831
events[8][1][1][8][3][6][0][1]: 175
events[8][1][1][8][3][6][0][7]: 645740547566525
events[8][1][1][8][3][6][0][9][0][1]: 105
events[8][1][1][8][3][6][1][0]: 53
events[8][1][1][8][3][6][1][1]: 185
events[8][1][1][8][3][6][1][7]: 301030362709757
events[8][1][1][8][3][7][0][0]: 99
events[8][1][1][8][3][7][0][1]: 181
events[8][1][1][8][3][7][0][3]: 361140085867639
events[8][1][1][8][3][7][1][0]: 53
events[8][1][1][8][3][7][1][3]: 397347164498523
events[8][1][1][8][3][7][2][0]: 54
events[8][1][1][8][3][7][2][3]: 553226961212552
events[8][1][1][8][3][7][3][0]: 55
events[8][1][1][8][3][7][3][3]: 608552645968727
events[8][1][1][8][3][7][4][1]: 132
events[8][1][1][8][3][7][4][3]: 569406237054321
events[8][1][1][8][3][7][4][6][0][1][0]: 130
events[8][1][1][8][3][7][5][1]: 73
events[8][1][1][8][3][7][5][3]: 801321072643581
events[8][1][1][8][3][7][5][6][2][1][0]: 264
events[8][1][1][8][3][7][5][6][3][1][0]: 131
events[8][1][1][8][3][7][6][1]: 186
events[8][1][1][8][3][7][6][3]: 177400152091586
events[8][1][1][8][3][7][6][6][0][1][0]: 131
events[8][1][1][8][3][7][6][6][1][1][0]: 265
events[8][1][1][8][3][7][7][1]: 73
events[8][1][1][8][3][7][7][3]: 804549528257727
events[8][1][1][8][3][7][7][6][2][1][0]: 69
events[8][1][1][8][3][7][7][6][3][1][0]: 132
events[8][1][1][8][3][7][8][0]: 53
events[8][1][1][8][3][7][8][1]: 171
events[8][1][1][8][3][7][8][3]: 747554248458229
events[8][1][1][8][3][7][8][6][0][1][0]: 251
events[8][1][1][8][3][7][9][0]: 55
events[8][1][1][8][3][7][9][1]: 171
events[8][1][1][8][3][7][9][3]: 805881890677231
events[8][1][1][8][3][7][9][6][0][1][0]: 251
events[8][1][1][8][3][7][10][0]: 54
events[8][1][1][8][3][7][10][1]: 171
events[8][1][1][8][3][7][10][3]: 893160896554593
events[8][1][1][8][3][7][10][6][0][1][0]: 251
events[8][1][1][8][3][7][11][0]: 52
events[8][1][1][8][3][7][11][1]: 139
events[8][1][1][8][3][7][11][3]: 317052082426668
events[8][1][1][8][3][7][11][6][0][1][0]: 266
events[8][1][1][8][3][7][11][6][2][1][0]: 140
events[8][1][1][8][3][7][12][0]: 51
events[8][1][1][8][3][7][12][1]: 187
events[8][1][1][8][3][7][12][3]: 623528240146081
events[8][1][1][8][3][7][13][3]: 701690715891419
events[8][1][1][8][3][7][14][1]: 133
events[8][1][1][8][3][7][14][3]: 481708193505084
events[8][1][1][8][3][7][14][6][0][1][0]: 267
events[8][1][1][8][3][7][14][6][1][1][0]: 129
events[8][1][1][8][3][7][15][3]: 455514286987757
events[8][1][1][8][3][7][15][6][1][1][0]: 268
events[8][1][1][8][3][7][15][6][1][1][1][1]: 105
events[8][1][1][8][3][8][0][4]: 416813908708458
events[8][1][1][8][3][8][0][6][0][0]: 105
events[8][1][1][8][3][8][0][6][0][7]: 517173878703751
events[8][1][1][8][3][8][0][7][0][1]: 74
events[8][1][1][8][3][8][0][7][0][3]: 620913483551537
events[8][1][1][8][3][8][0][7][0][6][0][1][0]: 152
events[8][1][1][8][3][8][0][7][1][1]: 73
events[8][1][1][8][3][8][0][7][1][3]: 971517192627160
events[8][1][1][8][3][8][0][7][1][6][2][1][0]: 240
events[8][1][1][8][3][8][0][7][1][6][3][1][0]: 241
events[8][1][1][8][3][8][0][7][2][1]: 168
events[8][1][1][8][3][8][0][7][2][3]: 737179471870983
events[8][1][1][8][3][8][0][7][2][6][0][1][0]: 241
events[8][1][1][8][3][8][0][7][2][6][1][1][0]: 121
events[8][1][1][8][3][8][0][7][3][1]: 71
events[8][1][1][8][3][8][0][7][3][3]: 667980947733684
events[8][1][1][8][3][8][0][7][4][1]: 169
events[8][1][1][8][3][8][0][7][4][3]: 181626304721179
events[8][1][1][8][3][8][0][7][5][0]: 104
events[8][1][1][8][3][8][0][7][5][1]: 65
events[8][1][1][8][3][8][0][7][5][3]: 271320600831843
events[8][1][1][8][3][8][0][7][6][3]: 243692792625215
events[8][1][1][8][3][8][0][7][7][1]: 71
events[8][1][1][8][3][8][0][7][7][3]: 200482707283861
events[8][1][1][8][3][8][1][4]: 628620436164260
events[8][1][1][8][3][8][1][6][0][7]: 578384599124295
events[8][1][1][8][3][8][1][7][0][1]: 74
events[8][1][1][8][3][8][1][7][0][3]: 582045429916430
events[8][1][1][8][3][8][1][7][1][1]: 75
events[8][1][1][8][3][8][1][7][1][3]: 181035226174185
events[8][1][1][8][3][8][1][7][2][3]: 596955461069876
events[8][1][1][8][3][8][1][7][3][3]: 316184816610911
events[8][1][1][8][3][8][1][7][4][3]: 245486689923637
events[8][1][1][8][3][8][1][7][5][3]: 122377043936756
events[8][1][1][8][3][8][1][7][6][3]: 369294083768305
events[8][1][1][8][4][4]: 850824268737758
events[8][1][1][8][4][6][0][1]: 128
events[8][1][1][8][4][6][0][7]: 879645646628815
events[8][1][1][8][4][6][0][9][0][1][0]: 267
events[8][1][1][8][4][7][0][1]: 129
events[8][1][1][8][4][7][0][3]: 447663746736666
events[8][1][1][8][4][7][0][6][0][1][0]: 127
events[8][1][1][8][4][7][0][6][1][1][0]: 269
events[8][1][1][8][4][7][0][6][1][1][1][3]: 130
events[8][1][1][8][5][4]: 577092143400223
events[8][1][1][8][5][6][0][1]: 131
events[8][1][1][8][5][6][0][7]: 352101396796876
events[8][1][1][8][5][6][0][9][0][1][0]: 267
events[8][1][1][8][5][7][0][1]: 129
events[8][1][1][8][5][7][0][3]: 126445194739049
events[8][1][1][8][5][7][0][6][0][1][0]: 127
events[8][1][1][8][5][7][1][1]: 134
events[8][1][1][8][5][7][1][3]: 407975923533417
events[8][1][1][8][5][7][1][6][0][1][0]: 127
events[8][1][1][8][6][4]: 709866254290034
events[8][1][1][8][6][6][0][0]: 53
events[8][1][1][8][6][6][0][1]: 188
events[8][1][1][8][6][6][0][7]: 260246317247305
events[8][1][1][8][6][7][0][0]: 53
events[8][1][1][8][6][7][0][3]: 342819126594452
events[8][1][1][8][7][4]: 441376995004059
events[8][1][1][8][7][6][0][0]: 53
events[8][1][1][8][7][6][0][7]: 453613041886680
events[8][1][1][8][7][8][0][4]: 421012283256538
events[8][1][1][8][7][8][0][6][0][1]: 189
events[8][1][1][8][7][8][0][6][0][7]: 235656255141556
events[8][1][1][8][7][8][0][6][0][9][0][1]: 53
events[8][1][1][8][7][8][0][7][0][0]: 53
events[8][1][1][8][7][8][0][7][0][1]: 57
events[8][1][1][8][7][8][0][7][0][3]: 859239617718351
events[8][1][1][8][7][8][0][7][0][6][0][1][0]: 270
events[8][1][1][8][7][8][1][4]: 157663606018438
events[8][1][1][8][7][8][1][6][0][7]: 119648225565424
events[8][1][1][8][7][8][1][7][0][0]: 53
events[8][1][1][8][7][8][1][7][0][1]: 57
events[8][1][1][8][7][8][1][7][0][3]: 554118252606210
events[8][1][1][8][8][4]: 814934606788951
events[8][1][1][8][8][6][0][0]: 55
events[8][1][1][8][8][6][0][1]: 188
events[8][1][1][8][8][6][0][7]: 891488023581390
events[8][1][1][8][8][7][0][0]: 55
events[8][1][1][8][8][7][0][3]: 993643474234676
events[8][1][1][8][9][4]: 235656310340649
events[8][1][1][8][9][6][0][0]: 55
events[8][1][1][8][9][6][0][7]: 404348056595807
events[8][1][1][8][9][8][0][4]: 726911164845993
events[8][1][1][8][9][8][0][6][0][1]: 189
events[8][1][1][8][9][8][0][6][0][7]: 551329344948066
events[8][1][1][8][9][8][0][6][0][9][0][1]: 55
events[8][1][1][8][9][8][0][7][0][0]: 55
events[8][1][1][8][9][8][0][7][0][1]: 57
events[8][1][1][8][9][8][0][7][0][3]: 468729716795801
events[8][1][1][8][9][8][0][7][0][6][0][1][0]: 270
events[8][1][1][8][9][8][1][4]: 515422872420718
events[8][1][1][8][9][8][1][6][0][7]: 174893846482520
events[8][1][1][8][9][8][1][7][0][0]: 55
events[8][1][1][8][9][8][1][7][0][1]: 57
events[8][1][1][8][9][8][1][7][0][3]: 530428509176708
events[8][1][1][8][10][4]: 474393175838554
events[8][1][1][8][10][6][0][0]: 54
events[8][1][1][8][10][6][0][1]: 188
events[8][1][1][8][10][6][0][7]: 779238575630928
events[8][1][1][8][10][7][0][0]: 54
events[8][1][1][8][10][7][0][3]: 757770830222606
events[8][1][1][8][11][4]: 486345870663350
events[8][1][1][8][11][6][0][0]: 54
events[8][1][1][8][11][6][0][7]: 665235926087549
events[8][1][1][8][11][8][0][4]: 477463783581383
events[8][1][1][8][11][8][0][6][0][1]: 189
events[8][1][1][8][11][8][0][6][0][7]: 134952775826759
events[8][1][1][8][11][8][0][6][0][9][0][1]: 54
events[8][1][1][8][11][8][0][7][0][0]: 54
events[8][1][1][8][11][8][0][7][0][1]: 57
events[8][1][1][8][11][8][0][7][0][3]: 596603935640830
events[8][1][1][8][11][8][0][7][0][6][0][1][0]: 270
events[8][1][1][8][11][8][1][4]: 754677656171732
events[8][1][1][8][11][8][1][6][0][7]: 550245179264101
events[8][1][1][8][11][8][1][7][0][0]: 54
events[8][1][1][8][11][8][1][7][0][1]: 57
events[8][1][1][8][11][8][1][7][0][3]: 815481943588434
events[8][1][1][8][12][4]: 322874037935790
events[8][1][1][8][12][7][0][0]: 65
events[8][1][1][8][12][7][0][1]: 56
events[8][1][1][8][12][7][0][3]: 297839950539074
events[8][1][1][8][12][7][0][6][0][1][0]: 271
events[8][1][1][8][12][7][0][6][0][1][1][1]: 52
events[8][1][1][8][12][7][0][6][0][1][1][2]: 53
events[8][1][1][8][12][7][0][6][0][1][2][1]: 65
events[8][1][1][8][13][4]: 322760807047531
events[8][1][1][8][13][6][0][0]: 52
events[8][1][1][8][13][6][0][1]: 190
events[8][1][1][8][13][6][0][7]: 168856014680437
events[8][1][1][8][13][7][0][0]: 65
events[8][1][1][8][13][7][0][1]: 107
events[8][1][1][8][13][7][0][3]: 308115303477679
events[9][1][1][4]: 681901161449260
events[9][1][1][6][0][1]: 191
events[9][1][1][6][0][7]: 229845352838503
events[9][1][1][7][0][0]: 58
events[9][1][1][7][0][1]: 78
events[9][1][1][7][0][3]: 329109012726913
events[9][1][1][7][0][6][0][1][0]: 272
events[9][1][1][7][0][6][0][1][1][1]: 88
events[9][1][1][7][0][6][0][1][2][1]: 89
events[9][1][1][7][0][6][1][1][0]: 272
events[9][1][1][7][0][6][1][1][1][1]: 91
events[9][1][1][7][0][6][1][1][2][1]: 86
events[9][1][2][4]: 480687243566136
events[9][1][2][6][0][7]: 699080750419268
events[9][1][2][7][0][0]: 58
events[9][1][2][7][0][1]: 192
events[9][1][2][7][0][3]: 316411442771980
events[9][1][2][7][1][0]: 59
events[9][1][2][7][1][1]: 192
events[9][1][2][7][1][3]: 352202166348136
events[9][1][2][7][2][0]: 58
events[9][1][2][7][2][1]: 102
events[9][1][2][7][2][3]: 191329346818353
events[9][1][2][7][2][6][0][1][0]: 273
events[9][1][2][7][3][1]: 193
events[9][1][2][7][3][3]: 846488839145539
events[9][1][2][7][3][6][0][1][0]: 274
events[9][1][3][4]: 309390352101713
events[9][1][3][6][0][1]: 189
events[9][1][3][6][0][7]: 717278334829358
events[9][1][3][6][0][9][0][1]: 60
events[9][1][3][7][0][0]: 60
events[9][1][3][7][0][1]: 78
events[9][1][3][7][0][3]: 370002709338337
events[9][1][3][7][0][6][0][1][0]: 275
events[9][1][3][7][0][6][0][1][1][1]: 60
events[9][1][3][7][0][6][0][1][1][2]: 79
events[9][1][3][7][0][6][1][1][0]: 275
events[9][1][3][7][0][6][1][1][1][1]: 60
events[9][1][3][7][0][6][1][1][1][2]: 80
events[9][1][3][7][1][1]: 194
events[9][1][3][7][1][3]: 171388744098824
events[9][1][3][7][2][1]: 74
events[9][1][3][7][2][3]: 934214259655863
events[9][1][3][7][3][1]: 194
events[9][1][3][7][3][3]: 777223009083487
events[9][1][3][7][4][0]: 60
events[9][1][3][7][4][1]: 78
events[9][1][3][7][4][3]: 689618878772062
events[9][1][3][7][4][6][0][1][1][1]: 60
events[9][1][3][7][4][6][0][1][1][2]: 79
events[9][1][3][7][4][6][1][1][1][1]: 60
events[9][1][3][7][4][6][1][1][1][2]: 80
events[9][1][4][4]: 968957417293005
events[9][1][4][6][0][1]: 175
events[9][1][4][6][0][7]: 147592349995746
events[9][1][4][6][0][9][0][1]: 60
events[9][1][4][7][0][0]: 99
events[9][1][4][7][0][1]: 181
events[9][1][4][7][0][3]: 935440194100765
events[9][1][4][7][1][0]: 60
events[9][1][4][7][1][1]: 107
events[9][1][4][7][1][3]: 132310157385107
events[9][1][4][7][2][1]: 74
events[9][1][4][7][2][3]: 231697589900346
events[9][1][4][7][2][6][0][1][0]: 114
events[9][1][4][7][3][0]: 59
events[9][1][4][7][3][1]: 102
events[9][1][4][7][3][3]: 181904084843864
events[9][1][4][7][4][1]: 73
events[9][1][4][7][4][3]: 897397998728369
events[9][1][4][7][4][6][3][1][0]: 132
events[9][1][4][7][5][0]: 58
events[9][1][4][7][5][1]: 102
events[9][1][4][7][5][3]: 536993638502752
events[9][1][4][7][5][6][0][1][0]: 273
events[9][1][4][7][6][1]: 74
events[9][1][4][7][6][3]: 449816202459747
events[9][1][4][7][6][6][0][1][0]: 276
events[9][1][4][7][7][0]: 59
events[9][1][4][7][7][1]: 102
events[9][1][4][7][7][3]: 733297802334909
events[9][1][4][7][8][1]: 73
events[9][1][4][7][8][3]: 940046026342190
events[9][1][4][7][8][6][3][1][0]: 132
events[9][1][4][7][9][0]: 58
events[9][1][4][7][9][1]: 102
events[9][1][4][7][9][3]: 840563158524728
events[9][1][4][7][9][6][0][1][0]: 273
events[9][1][4][7][10][1]: 74
events[9][1][4][7][10][3]: 565832426677336
events[9][1][4][7][10][6][0][1][0]: 276
events[9][1][4][7][11][0]: 59
events[9][1][4][7][11][1]: 102
events[9][1][4][7][11][3]: 924785499613085
events[9][1][4][7][12][1]: 73
events[9][1][4][7][12][3]: 415834187444094
events[9][1][4][7][12][6][3][1][0]: 132
events[9][1][4][7][13][0]: 58
events[9][1][4][7][13][1]: 102
events[9][1][4][7][13][3]: 358338365083368
events[9][1][4][7][13][6][0][1][0]: 273
events[9][1][4][7][14][1]: 74
events[9][1][4][7][14][3]: 609997169822952
events[9][1][4][7][14][6][0][1][0]: 276
events[9][1][4][7][15][0]: 59
events[9][1][4][7][15][1]: 102
events[9][1][4][7][15][3]: 186994527415285
events[9][1][4][7][16][1]: 73
events[9][1][4][7][16][3]: 271582200218153
events[9][1][4][7][16][6][3][1][0]: 132
events[9][1][4][7][17][0]: 58
events[9][1][4][7][17][1]: 102
events[9][1][4][7][17][3]: 139967920539195
events[9][1][4][7][17][6][0][1][0]: 273
events[9][1][4][7][18][1]: 74
events[9][1][4][7][18][3]: 786125679466317
events[9][1][4][7][18][6][0][1][0]: 276
events[9][1][4][7][19][1]: 73
events[9][1][4][7][19][3]: 471732060320295
events[9][1][4][7][19][6][3][1][0]: 132
events[9][1][4][7][20][1]: 74
events[9][1][4][7][20][3]: 209860270099605
events[9][1][4][7][21][1]: 195
events[9][1][4][7][21][3]: 180211804012098
events[10][1][0][6]: 282166525842006
events[10][1][0][8]: 173
events[10][1][1][4]: 952746746009018
events[10][1][1][6][0][0]: 99
events[10][1][1][6][0][1]: 196
events[10][1][1][6][0][7]: 482487555307648
events[10][1][1][6][1][7]: 916937739947881
events[10][1][1][8][0][4]: 312567511950855
events[10][1][1][8][0][6][0][7]: 535265593953360
events[10][1][1][8][0][7][0][1]: 178
events[10][1][1][8][0][7][0][3]: 144869964188801
events[10][1][1][8][0][7][1][1]: 72
events[10][1][1][8][0][7][1][3]: 910112680946836
events[10][1][1][8][0][7][2][3]: 797075214665739
events[10][1][1][8][0][7][3][3]: 978768601477230
events[10][1][2][4]: 443834136198053
events[10][1][2][6][0][0]: 99
events[10][1][2][6][0][1]: 197
events[10][1][2][6][0][7]: 391045584985167
events[10][1][2][6][1][7]: 152136317966836
events[10][1][2][8][0][4]: 607064446761112
events[10][1][2][8][0][6][0][7]: 906872611910475
events[10][1][2][8][0][7][0][1]: 178
events[10][1][2][8][0][7][0][3]: 719897548888788
events[10][1][2][8][0][7][1][1]: 72
events[10][1][2][8][0][7][1][3]: 802082971272131
events[10][1][2][8][0][7][2][3]: 482879582729243
events[10][1][2][8][0][7][3][3]: 786395206884780